,Station,Cluster Label,EM Label,p0-1,p1-2,p2-3,p3-4,p4-5,p5-6,p6-7,p7-8,p8-9,p9-10,p10-11,p11-12,p12-13,p13-14,p14-15,p15-16,p16-17,p17-18,p18-19,p19-20,p20-21,p21-22,p22-23,p23-0,r0-1,r1-2,r2-3,r3-4,r4-5,r5-6,r6-7,r7-8,r8-9,r9-10,r10-11,r11-12,r12-13,r13-14,r14-15,r15-16,r16-17,r17-18,r18-19,r19-20,r20-21,r21-22,r22-23,r23-0
0,31000,2,1,0.0,0.0,0.0,0.0,0.0,0.0,2.0,4.0,24.0,17.0,8.0,4.0,8.0,12.0,4.0,10.0,10.0,21.0,18.0,7.0,10.0,1.0,1.0,0.0,2.0,1.0,0.0,0.0,1.0,2.0,0.0,0.0,2.0,0.0,2.0,4.0,10.0,11.0,3.0,8.0,34.0,36.0,24.0,15.0,11.0,5.0,3.0,5.0
1,31001,4,1,3.0,1.0,0.0,1.0,2.0,0.0,2.0,13.0,24.0,6.0,8.0,5.0,4.0,8.0,8.0,7.0,20.0,20.0,21.0,14.0,17.0,3.0,3.0,3.0,2.0,0.0,0.0,1.0,2.0,0.0,2.0,18.0,12.0,5.0,3.0,8.0,5.0,6.0,6.0,1.0,20.0,17.0,15.0,18.0,16.0,8.0,4.0,4.0
2,31002,4,2,2.0,0.0,0.0,1.0,0.0,0.0,22.0,48.0,89.0,42.0,17.0,30.0,36.0,40.0,17.0,17.0,46.0,82.0,88.0,55.0,26.0,5.0,1.0,5.0,1.0,0.0,0.0,0.0,1.0,2.0,17.0,38.0,85.0,59.0,17.0,32.0,41.0,30.0,22.0,31.0,54.0,101.0,85.0,44.0,31.0,7.0,3.0,5.0
3,31003,4,1,0.0,0.0,0.0,0.0,1.0,0.0,23.0,20.0,17.0,20.0,29.0,42.0,32.0,19.0,12.0,25.0,63.0,63.0,36.0,26.0,9.0,4.0,3.0,5.0,3.0,0.0,1.0,0.0,0.0,0.0,11.0,31.0,39.0,28.0,21.0,23.0,25.0,44.0,15.0,29.0,45.0,56.0,58.0,24.0,11.0,7.0,2.0,0.0
4,31004,3,0,1.0,0.0,0.0,0.0,1.0,1.0,28.0,42.0,55.0,11.0,11.0,6.0,9.0,11.0,8.0,13.0,15.0,18.0,21.0,10.0,6.0,0.0,0.0,0.0,1.0,1.0,0.0,0.0,0.0,0.0,0.0,2.0,4.0,3.0,6.0,7.0,9.0,5.0,7.0,28.0,41.0,61.0,47.0,16.0,12.0,11.0,10.0,3.0
5,31005,4,1,1.0,0.0,1.0,0.0,16.0,0.0,2.0,35.0,44.0,27.0,14.0,26.0,17.0,29.0,29.0,31.0,55.0,109.0,91.0,43.0,33.0,22.0,19.0,3.0,0.0,0.0,0.0,0.0,4.0,1.0,57.0,49.0,70.0,32.0,20.0,14.0,30.0,35.0,23.0,26.0,56.0,84.0,58.0,42.0,29.0,11.0,7.0,2.0
6,31006,2,1,7.0,0.0,0.0,0.0,2.0,1.0,13.0,13.0,35.0,40.0,11.0,14.0,25.0,20.0,11.0,6.0,21.0,15.0,21.0,31.0,7.0,13.0,11.0,7.0,10.0,1.0,0.0,0.0,0.0,1.0,1.0,9.0,6.0,8.0,14.0,23.0,18.0,13.0,18.0,16.0,54.0,36.0,33.0,28.0,23.0,12.0,10.0,9.0
7,31007,4,2,2.0,1.0,0.0,0.0,0.0,0.0,14.0,79.0,93.0,56.0,27.0,17.0,23.0,23.0,31.0,23.0,51.0,138.0,116.0,43.0,25.0,13.0,14.0,8.0,0.0,0.0,0.0,0.0,0.0,3.0,12.0,22.0,101.0,105.0,14.0,16.0,12.0,42.0,23.0,26.0,55.0,96.0,74.0,31.0,30.0,5.0,23.0,7.0
8,31008,2,1,5.0,0.0,0.0,0.0,0.0,9.0,45.0,69.0,48.0,33.0,16.0,25.0,27.0,17.0,25.0,29.0,19.0,35.0,49.0,25.0,29.0,18.0,5.0,12.0,0.0,0.0,0.0,0.0,1.0,6.0,11.0,20.0,27.0,37.0,25.0,12.0,27.0,24.0,35.0,21.0,51.0,83.0,51.0,34.0,33.0,8.0,7.0,5.0
9,31009,0,2,0.0,1.0,0.0,0.0,0.0,0.0,1.0,6.0,16.0,9.0,5.0,8.0,9.0,6.0,5.0,18.0,34.0,66.0,31.0,13.0,11.0,0.0,2.0,0.0,1.0,0.0,0.0,0.0,0.0,0.0,20.0,54.0,75.0,15.0,6.0,6.0,10.0,14.0,3.0,4.0,18.0,13.0,11.0,12.0,7.0,5.0,4.0,3.0
10,31010,4,1,0.0,1.0,0.0,0.0,2.0,5.0,10.0,22.0,17.0,14.0,12.0,18.0,26.0,24.0,8.0,18.0,14.0,29.0,19.0,26.0,5.0,1.0,3.0,4.0,1.0,0.0,0.0,0.0,0.0,4.0,5.0,11.0,11.0,13.0,11.0,22.0,30.0,15.0,10.0,15.0,20.0,31.0,34.0,37.0,14.0,6.0,6.0,2.0
11,31011,0,2,4.0,1.0,0.0,0.0,0.0,5.0,10.0,15.0,20.0,14.0,17.0,29.0,44.0,52.0,21.0,27.0,76.0,84.0,48.0,30.0,24.0,10.0,8.0,3.0,1.0,1.0,0.0,1.0,0.0,8.0,28.0,58.0,121.0,44.0,25.0,39.0,30.0,22.0,10.0,21.0,29.0,23.0,46.0,24.0,27.0,8.0,4.0,1.0
12,31012,0,2,0.0,0.0,0.0,0.0,0.0,0.0,3.0,7.0,6.0,8.0,6.0,8.0,22.0,8.0,11.0,20.0,79.0,50.0,10.0,6.0,1.0,1.0,0.0,2.0,0.0,0.0,0.0,0.0,0.0,1.0,18.0,48.0,60.0,43.0,9.0,7.0,8.0,10.0,3.0,6.0,2.0,7.0,11.0,3.0,2.0,4.0,4.0,1.0
13,31013,2,1,1.0,2.0,0.0,0.0,4.0,2.0,19.0,10.0,25.0,15.0,20.0,11.0,12.0,15.0,9.0,12.0,16.0,27.0,27.0,19.0,9.0,8.0,7.0,8.0,0.0,3.0,0.0,0.0,0.0,0.0,0.0,8.0,5.0,11.0,17.0,19.0,15.0,12.0,4.0,16.0,20.0,32.0,36.0,16.0,13.0,18.0,13.0,8.0
14,31014,0,2,5.0,2.0,1.0,1.0,4.0,1.0,12.0,39.0,139.0,78.0,25.0,23.0,40.0,38.0,40.0,66.0,108.0,235.0,105.0,60.0,18.0,18.0,19.0,9.0,7.0,9.0,2.0,0.0,2.0,7.0,47.0,140.0,289.0,130.0,68.0,52.0,61.0,50.0,54.0,49.0,85.0,156.0,110.0,54.0,37.0,48.0,35.0,13.0
15,31015,0,2,5.0,11.0,0.0,0.0,0.0,2.0,5.0,13.0,37.0,23.0,16.0,25.0,18.0,32.0,34.0,54.0,51.0,71.0,65.0,33.0,15.0,8.0,4.0,1.0,8.0,11.0,2.0,0.0,0.0,7.0,21.0,115.0,176.0,41.0,30.0,32.0,20.0,24.0,31.0,34.0,41.0,60.0,65.0,33.0,22.0,23.0,11.0,6.0
16,31016,4,1,4.0,4.0,1.0,0.0,1.0,0.0,1.0,17.0,70.0,22.0,17.0,30.0,16.0,17.0,20.0,14.0,41.0,81.0,43.0,31.0,20.0,10.0,7.0,2.0,7.0,6.0,0.0,0.0,0.0,8.0,3.0,30.0,57.0,41.0,8.0,32.0,19.0,15.0,15.0,16.0,28.0,47.0,34.0,30.0,17.0,14.0,5.0,2.0
17,31017,0,2,15.0,3.0,1.0,1.0,1.0,0.0,17.0,17.0,27.0,15.0,12.0,20.0,22.0,34.0,20.0,30.0,36.0,61.0,41.0,23.0,12.0,11.0,9.0,8.0,1.0,1.0,0.0,0.0,0.0,0.0,8.0,32.0,52.0,22.0,8.0,14.0,4.0,7.0,5.0,9.0,10.0,11.0,13.0,9.0,2.0,5.0,3.0,8.0
18,31018,3,0,0.0,0.0,0.0,0.0,1.0,1.0,1.0,23.0,64.0,11.0,9.0,18.0,8.0,6.0,4.0,10.0,13.0,19.0,9.0,7.0,6.0,3.0,1.0,3.0,4.0,0.0,0.0,1.0,0.0,0.0,0.0,2.0,1.0,2.0,1.0,3.0,5.0,3.0,4.0,9.0,24.0,35.0,27.0,10.0,4.0,5.0,7.0,4.0
19,31019,2,1,7.0,4.0,1.0,1.0,0.0,2.0,3.0,14.0,36.0,9.0,5.0,5.0,7.0,11.0,6.0,19.0,21.0,24.0,31.0,27.0,32.0,24.0,7.0,2.0,1.0,3.0,0.0,0.0,0.0,0.0,5.0,1.0,4.0,5.0,7.0,8.0,10.0,15.0,8.0,13.0,10.0,22.0,26.0,22.0,13.0,9.0,3.0,1.0
20,31020,4,2,10.0,5.0,1.0,0.0,0.0,0.0,7.0,21.0,30.0,16.0,18.0,13.0,15.0,20.0,14.0,18.0,18.0,60.0,43.0,37.0,22.0,14.0,6.0,5.0,0.0,0.0,1.0,1.0,0.0,0.0,0.0,3.0,21.0,21.0,3.0,5.0,9.0,19.0,9.0,21.0,18.0,47.0,37.0,27.0,16.0,7.0,4.0,1.0
21,31021,4,2,1.0,3.0,1.0,2.0,0.0,1.0,8.0,19.0,49.0,16.0,10.0,26.0,22.0,22.0,25.0,20.0,19.0,30.0,70.0,60.0,17.0,19.0,6.0,7.0,0.0,0.0,1.0,1.0,0.0,2.0,9.0,13.0,10.0,25.0,15.0,17.0,28.0,20.0,15.0,19.0,21.0,34.0,49.0,31.0,8.0,7.0,8.0,3.0
22,31022,4,2,3.0,4.0,0.0,0.0,0.0,0.0,2.0,16.0,53.0,24.0,15.0,15.0,23.0,28.0,32.0,27.0,29.0,77.0,96.0,74.0,40.0,30.0,15.0,16.0,2.0,1.0,0.0,0.0,1.0,0.0,19.0,25.0,62.0,20.0,10.0,17.0,24.0,25.0,21.0,21.0,23.0,61.0,51.0,40.0,16.0,8.0,7.0,5.0
23,31023,4,2,8.0,8.0,3.0,1.0,0.0,1.0,2.0,8.0,24.0,18.0,11.0,16.0,19.0,18.0,8.0,8.0,20.0,33.0,27.0,29.0,35.0,26.0,16.0,10.0,1.0,0.0,1.0,0.0,0.0,3.0,3.0,25.0,12.0,30.0,16.0,19.0,15.0,10.0,11.0,18.0,19.0,24.0,32.0,28.0,20.0,10.0,2.0,4.0
24,31024,4,2,3.0,0.0,1.0,2.0,0.0,20.0,14.0,26.0,63.0,24.0,15.0,21.0,28.0,21.0,20.0,23.0,34.0,70.0,67.0,45.0,18.0,20.0,13.0,4.0,6.0,1.0,2.0,0.0,0.0,5.0,30.0,35.0,41.0,29.0,17.0,12.0,23.0,18.0,18.0,28.0,27.0,69.0,31.0,33.0,18.0,18.0,17.0,6.0
25,31025,2,1,0.0,0.0,0.0,0.0,0.0,0.0,4.0,34.0,10.0,26.0,9.0,5.0,8.0,6.0,8.0,11.0,16.0,23.0,22.0,20.0,9.0,4.0,3.0,0.0,0.0,0.0,1.0,0.0,1.0,2.0,7.0,1.0,6.0,4.0,8.0,5.0,14.0,15.0,14.0,8.0,10.0,12.0,17.0,17.0,8.0,13.0,1.0,4.0
26,31026,4,1,2.0,0.0,1.0,1.0,0.0,0.0,11.0,8.0,21.0,17.0,10.0,11.0,11.0,15.0,15.0,13.0,32.0,24.0,26.0,26.0,12.0,11.0,4.0,5.0,0.0,1.0,0.0,0.0,0.0,7.0,3.0,4.0,9.0,11.0,7.0,9.0,9.0,9.0,5.0,16.0,19.0,13.0,24.0,25.0,24.0,8.0,4.0,2.0
27,31027,2,1,1.0,0.0,1.0,0.0,0.0,6.0,5.0,11.0,21.0,13.0,9.0,5.0,8.0,7.0,4.0,13.0,3.0,10.0,12.0,13.0,5.0,2.0,1.0,1.0,4.0,0.0,0.0,0.0,0.0,0.0,1.0,3.0,6.0,3.0,4.0,6.0,9.0,9.0,3.0,11.0,9.0,20.0,13.0,13.0,18.0,3.0,1.0,1.0
28,31028,0,2,1.0,0.0,0.0,0.0,0.0,0.0,1.0,10.0,31.0,29.0,7.0,11.0,10.0,11.0,5.0,5.0,7.0,51.0,42.0,20.0,4.0,2.0,1.0,0.0,2.0,0.0,0.0,0.0,0.0,0.0,6.0,33.0,40.0,12.0,11.0,7.0,5.0,2.0,5.0,1.0,1.0,20.0,5.0,2.0,3.0,5.0,1.0,0.0
29,31029,2,2,0.0,1.0,0.0,0.0,0.0,4.0,15.0,44.0,92.0,53.0,13.0,11.0,15.0,28.0,12.0,17.0,17.0,14.0,45.0,33.0,15.0,8.0,3.0,2.0,5.0,1.0,1.0,0.0,0.0,1.0,1.0,5.0,27.0,10.0,4.0,11.0,13.0,9.0,15.0,19.0,26.0,37.0,54.0,43.0,25.0,8.0,7.0,4.0
30,31030,2,0,2.0,0.0,0.0,1.0,0.0,9.0,35.0,116.0,65.0,33.0,9.0,15.0,14.0,13.0,13.0,15.0,25.0,40.0,39.0,22.0,12.0,6.0,5.0,7.0,13.0,3.0,2.0,0.0,0.0,0.0,2.0,5.0,4.0,6.0,12.0,12.0,7.0,16.0,11.0,19.0,34.0,52.0,61.0,51.0,21.0,12.0,7.0,6.0
31,31031,2,0,5.0,3.0,0.0,0.0,0.0,4.0,18.0,31.0,74.0,21.0,28.0,12.0,28.0,12.0,18.0,13.0,18.0,27.0,32.0,34.0,9.0,2.0,2.0,1.0,1.0,0.0,4.0,0.0,0.0,0.0,0.0,2.0,8.0,4.0,6.0,4.0,11.0,7.0,10.0,11.0,30.0,30.0,20.0,31.0,12.0,8.0,12.0,5.0
32,31032,2,1,1.0,0.0,0.0,0.0,0.0,0.0,6.0,19.0,8.0,5.0,11.0,3.0,6.0,6.0,4.0,5.0,5.0,6.0,12.0,9.0,0.0,1.0,2.0,0.0,0.0,2.0,0.0,0.0,0.0,1.0,1.0,0.0,1.0,1.0,2.0,4.0,6.0,6.0,6.0,3.0,18.0,10.0,8.0,2.0,7.0,2.0,0.0,0.0
33,31033,4,1,0.0,0.0,0.0,0.0,0.0,1.0,1.0,2.0,2.0,0.0,3.0,3.0,1.0,1.0,4.0,2.0,6.0,7.0,3.0,5.0,1.0,7.0,3.0,0.0,0.0,0.0,0.0,0.0,0.0,2.0,0.0,2.0,7.0,4.0,2.0,0.0,1.0,2.0,1.0,2.0,3.0,9.0,3.0,11.0,1.0,7.0,2.0,1.0
34,31034,2,1,0.0,0.0,3.0,1.0,0.0,0.0,5.0,42.0,33.0,26.0,5.0,10.0,11.0,10.0,9.0,4.0,9.0,22.0,60.0,41.0,6.0,12.0,4.0,2.0,3.0,0.0,1.0,0.0,0.0,0.0,5.0,6.0,31.0,22.0,6.0,6.0,12.0,9.0,6.0,9.0,11.0,45.0,51.0,16.0,20.0,5.0,7.0,6.0
35,31035,2,0,0.0,2.0,0.0,2.0,1.0,10.0,16.0,36.0,28.0,13.0,4.0,10.0,4.0,4.0,6.0,5.0,7.0,25.0,27.0,17.0,8.0,3.0,2.0,0.0,3.0,2.0,1.0,0.0,0.0,0.0,0.0,4.0,2.0,5.0,4.0,3.0,6.0,2.0,6.0,6.0,19.0,18.0,22.0,26.0,6.0,11.0,1.0,20.0
36,31036,2,0,0.0,0.0,0.0,0.0,0.0,0.0,12.0,12.0,29.0,7.0,2.0,8.0,3.0,2.0,8.0,7.0,6.0,11.0,24.0,10.0,7.0,3.0,1.0,1.0,1.0,1.0,0.0,1.0,0.0,0.0,0.0,0.0,1.0,4.0,0.0,8.0,4.0,6.0,6.0,6.0,6.0,10.0,33.0,13.0,5.0,12.0,1.0,4.0
37,31037,0,2,4.0,1.0,1.0,0.0,0.0,13.0,3.0,30.0,70.0,28.0,24.0,33.0,24.0,33.0,22.0,40.0,59.0,184.0,78.0,24.0,25.0,25.0,18.0,15.0,1.0,0.0,0.0,2.0,1.0,5.0,33.0,66.0,134.0,102.0,23.0,23.0,29.0,21.0,20.0,20.0,23.0,64.0,46.0,19.0,24.0,12.0,4.0,2.0
38,31038,0,2,0.0,1.0,0.0,0.0,0.0,0.0,17.0,4.0,11.0,5.0,2.0,2.0,6.0,12.0,20.0,11.0,28.0,25.0,21.0,10.0,11.0,2.0,7.0,6.0,0.0,1.0,0.0,0.0,0.0,15.0,3.0,19.0,30.0,11.0,7.0,6.0,2.0,7.0,7.0,3.0,11.0,7.0,7.0,7.0,3.0,1.0,0.0,0.0
39,31039,2,2,2.0,4.0,0.0,0.0,0.0,9.0,11.0,26.0,47.0,7.0,16.0,13.0,34.0,24.0,20.0,22.0,10.0,34.0,50.0,40.0,17.0,15.0,10.0,3.0,2.0,2.0,0.0,1.0,0.0,3.0,6.0,15.0,7.0,18.0,15.0,19.0,22.0,15.0,16.0,14.0,29.0,42.0,39.0,22.0,22.0,12.0,5.0,2.0
40,31040,4,1,1.0,1.0,2.0,0.0,0.0,1.0,1.0,5.0,19.0,11.0,8.0,11.0,7.0,13.0,10.0,13.0,32.0,35.0,22.0,21.0,21.0,16.0,6.0,8.0,0.0,0.0,0.0,2.0,0.0,0.0,5.0,23.0,16.0,21.0,8.0,8.0,3.0,15.0,5.0,9.0,8.0,18.0,21.0,24.0,5.0,8.0,8.0,0.0
41,31041,4,2,1.0,0.0,0.0,0.0,0.0,0.0,8.0,8.0,5.0,7.0,7.0,7.0,11.0,20.0,17.0,9.0,14.0,32.0,31.0,14.0,5.0,4.0,1.0,7.0,1.0,0.0,1.0,0.0,2.0,1.0,0.0,11.0,41.0,29.0,26.0,19.0,28.0,23.0,15.0,11.0,25.0,28.0,31.0,15.0,7.0,9.0,3.0,0.0
42,31042,0,2,0.0,0.0,0.0,0.0,0.0,0.0,2.0,5.0,15.0,29.0,17.0,27.0,15.0,33.0,28.0,24.0,67.0,109.0,58.0,17.0,9.0,8.0,3.0,8.0,0.0,0.0,0.0,0.0,0.0,0.0,0.0,40.0,114.0,62.0,28.0,21.0,20.0,31.0,23.0,21.0,21.0,27.0,38.0,23.0,8.0,6.0,1.0,0.0
43,31043,2,1,0.0,0.0,0.0,0.0,0.0,1.0,12.0,45.0,7.0,8.0,9.0,6.0,21.0,16.0,8.0,9.0,6.0,17.0,18.0,17.0,9.0,3.0,0.0,0.0,0.0,1.0,0.0,0.0,0.0,0.0,2.0,9.0,7.0,9.0,10.0,14.0,25.0,19.0,10.0,30.0,16.0,22.0,27.0,13.0,12.0,2.0,2.0,2.0
44,31044,4,2,2.0,0.0,3.0,0.0,0.0,0.0,1.0,2.0,5.0,19.0,4.0,6.0,10.0,12.0,9.0,14.0,19.0,25.0,14.0,18.0,5.0,5.0,3.0,0.0,0.0,0.0,0.0,0.0,0.0,0.0,3.0,1.0,35.0,50.0,20.0,14.0,14.0,8.0,9.0,8.0,12.0,15.0,18.0,16.0,8.0,3.0,4.0,2.0
45,31045,4,1,0.0,0.0,0.0,0.0,0.0,0.0,2.0,9.0,7.0,6.0,7.0,5.0,14.0,9.0,11.0,6.0,8.0,26.0,25.0,17.0,6.0,7.0,2.0,0.0,3.0,1.0,0.0,0.0,1.0,1.0,1.0,6.0,6.0,15.0,8.0,12.0,6.0,13.0,14.0,10.0,7.0,15.0,43.0,16.0,6.0,10.0,4.0,1.0
46,31046,2,1,0.0,0.0,0.0,0.0,0.0,6.0,11.0,15.0,10.0,11.0,8.0,8.0,10.0,8.0,9.0,7.0,9.0,13.0,9.0,34.0,10.0,14.0,2.0,1.0,0.0,2.0,0.0,0.0,0.0,0.0,1.0,14.0,7.0,3.0,5.0,10.0,13.0,18.0,4.0,6.0,4.0,18.0,28.0,15.0,22.0,13.0,3.0,0.0
47,31047,4,2,3.0,0.0,1.0,0.0,0.0,0.0,10.0,42.0,86.0,65.0,18.0,32.0,30.0,21.0,43.0,50.0,74.0,148.0,134.0,77.0,27.0,20.0,9.0,11.0,0.0,1.0,0.0,0.0,0.0,25.0,48.0,148.0,106.0,58.0,22.0,23.0,42.0,32.0,18.0,13.0,40.0,95.0,87.0,35.0,28.0,6.0,7.0,3.0
48,31048,4,2,3.0,1.0,0.0,0.0,0.0,0.0,1.0,19.0,66.0,37.0,12.0,10.0,6.0,9.0,9.0,14.0,22.0,36.0,33.0,19.0,13.0,12.0,2.0,4.0,2.0,0.0,0.0,0.0,1.0,7.0,13.0,41.0,50.0,5.0,5.0,2.0,4.0,4.0,6.0,8.0,24.0,32.0,21.0,2.0,13.0,0.0,2.0,4.0
49,31049,4,2,0.0,0.0,0.0,0.0,0.0,2.0,4.0,1.0,4.0,9.0,8.0,10.0,12.0,6.0,7.0,7.0,23.0,29.0,16.0,16.0,8.0,6.0,3.0,0.0,1.0,1.0,4.0,0.0,0.0,0.0,0.0,7.0,32.0,18.0,8.0,7.0,9.0,8.0,7.0,9.0,7.0,12.0,15.0,4.0,9.0,13.0,6.0,0.0
50,31050,3,0,0.0,1.0,0.0,0.0,0.0,8.0,27.0,29.0,26.0,6.0,7.0,5.0,5.0,3.0,3.0,0.0,7.0,2.0,13.0,5.0,6.0,3.0,2.0,0.0,1.0,3.0,1.0,2.0,0.0,2.0,0.0,0.0,1.0,0.0,1.0,2.0,3.0,4.0,3.0,9.0,13.0,29.0,9.0,8.0,9.0,3.0,1.0,4.0
51,31051,2,0,0.0,0.0,0.0,0.0,0.0,10.0,9.0,33.0,29.0,17.0,22.0,17.0,11.0,9.0,3.0,9.0,3.0,5.0,8.0,5.0,2.0,1.0,1.0,1.0,0.0,0.0,0.0,0.0,0.0,0.0,3.0,1.0,7.0,6.0,1.0,11.0,4.0,11.0,5.0,8.0,16.0,37.0,31.0,26.0,9.0,12.0,6.0,5.0
52,31052,4,1,0.0,0.0,0.0,0.0,0.0,1.0,19.0,33.0,15.0,20.0,9.0,9.0,6.0,10.0,5.0,7.0,9.0,37.0,25.0,15.0,6.0,7.0,11.0,1.0,2.0,1.0,1.0,0.0,12.0,2.0,11.0,17.0,36.0,29.0,9.0,4.0,10.0,5.0,8.0,3.0,17.0,37.0,31.0,25.0,9.0,2.0,4.0,1.0
53,31053,2,0,1.0,0.0,1.0,1.0,0.0,0.0,18.0,9.0,10.0,4.0,3.0,7.0,5.0,5.0,22.0,7.0,8.0,4.0,6.0,5.0,1.0,3.0,3.0,0.0,6.0,19.0,1.0,0.0,0.0,0.0,0.0,0.0,0.0,1.0,1.0,3.0,2.0,1.0,2.0,10.0,10.0,21.0,18.0,10.0,5.0,5.0,1.0,3.0
54,31055,2,1,0.0,0.0,0.0,0.0,0.0,1.0,0.0,15.0,20.0,7.0,7.0,8.0,2.0,8.0,7.0,10.0,11.0,6.0,11.0,9.0,5.0,1.0,0.0,0.0,3.0,0.0,0.0,0.0,0.0,0.0,1.0,3.0,15.0,13.0,3.0,4.0,8.0,16.0,4.0,4.0,10.0,21.0,21.0,8.0,9.0,4.0,3.0,2.0
55,31056,2,0,1.0,0.0,0.0,1.0,6.0,3.0,0.0,7.0,16.0,12.0,1.0,5.0,3.0,5.0,1.0,2.0,1.0,3.0,5.0,6.0,4.0,2.0,3.0,8.0,9.0,2.0,5.0,0.0,0.0,0.0,0.0,1.0,1.0,1.0,1.0,2.0,1.0,2.0,3.0,9.0,2.0,13.0,17.0,13.0,2.0,1.0,4.0,2.0
56,31057,2,1,0.0,0.0,0.0,0.0,0.0,0.0,1.0,3.0,12.0,8.0,4.0,6.0,4.0,3.0,2.0,7.0,2.0,6.0,12.0,10.0,1.0,2.0,2.0,0.0,0.0,0.0,0.0,0.0,0.0,0.0,1.0,6.0,13.0,4.0,5.0,5.0,3.0,5.0,3.0,6.0,4.0,9.0,31.0,11.0,5.0,3.0,2.0,0.0
57,31059,2,0,0.0,0.0,0.0,0.0,0.0,2.0,3.0,21.0,20.0,3.0,2.0,3.0,4.0,5.0,3.0,4.0,3.0,13.0,14.0,6.0,4.0,0.0,0.0,0.0,0.0,0.0,0.0,1.0,0.0,0.0,2.0,4.0,3.0,2.0,1.0,3.0,3.0,11.0,1.0,6.0,11.0,29.0,27.0,24.0,13.0,4.0,2.0,0.0
58,31060,4,1,1.0,0.0,0.0,0.0,0.0,0.0,1.0,2.0,10.0,7.0,4.0,4.0,12.0,9.0,12.0,21.0,6.0,13.0,30.0,21.0,11.0,7.0,9.0,0.0,0.0,0.0,1.0,0.0,0.0,0.0,2.0,8.0,7.0,16.0,4.0,20.0,11.0,11.0,16.0,10.0,13.0,17.0,27.0,28.0,11.0,7.0,5.0,1.0
59,31062,4,1,2.0,0.0,0.0,1.0,0.0,0.0,1.0,3.0,19.0,27.0,31.0,30.0,25.0,26.0,38.0,20.0,31.0,19.0,40.0,20.0,17.0,4.0,1.0,1.0,2.0,0.0,0.0,1.0,0.0,0.0,2.0,4.0,26.0,31.0,30.0,32.0,25.0,32.0,31.0,37.0,25.0,37.0,25.0,22.0,10.0,4.0,2.0,2.0
60,31063,2,1,0.0,0.0,0.0,1.0,0.0,0.0,2.0,6.0,6.0,2.0,3.0,4.0,4.0,7.0,8.0,2.0,1.0,5.0,4.0,4.0,0.0,0.0,0.0,0.0,0.0,0.0,0.0,0.0,0.0,0.0,0.0,0.0,1.0,1.0,2.0,1.0,1.0,3.0,10.0,7.0,4.0,1.0,7.0,7.0,8.0,2.0,0.0,1.0
61,31065,2,0,0.0,0.0,0.0,0.0,0.0,7.0,9.0,52.0,37.0,11.0,5.0,7.0,5.0,15.0,11.0,4.0,4.0,20.0,19.0,11.0,6.0,0.0,4.0,1.0,4.0,0.0,0.0,0.0,0.0,0.0,2.0,3.0,2.0,1.0,3.0,8.0,3.0,16.0,7.0,11.0,17.0,17.0,31.0,31.0,15.0,8.0,3.0,1.0
62,31066,2,1,0.0,0.0,0.0,0.0,0.0,1.0,2.0,5.0,16.0,11.0,5.0,2.0,8.0,5.0,12.0,7.0,10.0,28.0,10.0,4.0,5.0,0.0,1.0,0.0,0.0,0.0,0.0,1.0,0.0,2.0,0.0,2.0,2.0,2.0,0.0,0.0,12.0,7.0,7.0,4.0,9.0,29.0,25.0,12.0,5.0,4.0,7.0,1.0
63,31067,2,0,0.0,1.0,1.0,1.0,1.0,0.0,2.0,7.0,7.0,22.0,21.0,4.0,6.0,4.0,4.0,8.0,5.0,1.0,6.0,6.0,4.0,0.0,1.0,1.0,0.0,0.0,2.0,0.0,0.0,0.0,1.0,8.0,1.0,1.0,1.0,4.0,2.0,5.0,0.0,3.0,4.0,25.0,28.0,3.0,18.0,8.0,2.0,3.0
64,31068,2,1,0.0,0.0,0.0,0.0,0.0,0.0,1.0,10.0,5.0,2.0,0.0,2.0,2.0,4.0,7.0,0.0,1.0,2.0,5.0,13.0,7.0,9.0,1.0,0.0,1.0,0.0,0.0,0.0,0.0,0.0,0.0,1.0,1.0,3.0,0.0,5.0,3.0,1.0,7.0,2.0,3.0,16.0,8.0,13.0,14.0,1.0,4.0,6.0
65,31069,2,0,0.0,0.0,0.0,0.0,2.0,0.0,13.0,45.0,36.0,12.0,9.0,7.0,23.0,9.0,8.0,6.0,16.0,12.0,3.0,4.0,5.0,10.0,0.0,0.0,2.0,0.0,1.0,0.0,0.0,0.0,2.0,6.0,7.0,2.0,6.0,15.0,3.0,5.0,7.0,15.0,12.0,20.0,22.0,27.0,4.0,5.0,7.0,3.0
66,31070,3,0,0.0,0.0,0.0,0.0,7.0,0.0,1.0,20.0,30.0,13.0,5.0,10.0,5.0,6.0,2.0,3.0,4.0,8.0,19.0,5.0,3.0,2.0,0.0,0.0,2.0,0.0,0.0,0.0,0.0,0.0,0.0,2.0,2.0,5.0,3.0,4.0,2.0,5.0,5.0,8.0,15.0,28.0,25.0,13.0,17.0,3.0,1.0,0.0
67,31071,4,1,0.0,0.0,0.0,0.0,0.0,1.0,1.0,1.0,6.0,7.0,11.0,17.0,8.0,6.0,7.0,1.0,7.0,5.0,13.0,9.0,2.0,4.0,1.0,0.0,0.0,0.0,0.0,0.0,0.0,0.0,0.0,0.0,3.0,4.0,8.0,16.0,9.0,8.0,11.0,2.0,11.0,10.0,17.0,9.0,5.0,2.0,1.0,0.0
68,31073,4,1,0.0,0.0,0.0,0.0,0.0,0.0,0.0,2.0,23.0,18.0,3.0,5.0,9.0,15.0,16.0,9.0,6.0,20.0,3.0,2.0,0.0,0.0,1.0,0.0,0.0,1.0,0.0,0.0,0.0,0.0,6.0,8.0,22.0,7.0,3.0,4.0,7.0,6.0,13.0,5.0,4.0,17.0,20.0,8.0,4.0,2.0,2.0,1.0
69,31074,2,0,1.0,0.0,0.0,0.0,1.0,0.0,4.0,29.0,8.0,3.0,5.0,3.0,4.0,8.0,7.0,11.0,8.0,6.0,10.0,11.0,10.0,1.0,2.0,1.0,0.0,1.0,0.0,1.0,0.0,0.0,0.0,3.0,6.0,7.0,2.0,1.0,8.0,14.0,8.0,4.0,7.0,22.0,28.0,7.0,12.0,3.0,1.0,0.0
70,31075,2,0,0.0,0.0,1.0,0.0,0.0,0.0,0.0,10.0,10.0,21.0,3.0,3.0,2.0,4.0,1.0,1.0,1.0,0.0,3.0,3.0,3.0,1.0,0.0,0.0,1.0,0.0,0.0,0.0,0.0,0.0,1.0,1.0,0.0,0.0,2.0,0.0,1.0,1.0,0.0,1.0,2.0,4.0,20.0,5.0,9.0,2.0,1.0,7.0
71,31076,0,2,0.0,0.0,0.0,0.0,0.0,0.0,0.0,1.0,0.0,1.0,1.0,1.0,2.0,1.0,1.0,3.0,5.0,31.0,7.0,3.0,0.0,3.0,0.0,0.0,0.0,0.0,1.0,0.0,0.0,0.0,0.0,5.0,10.0,13.0,0.0,2.0,2.0,2.0,4.0,3.0,0.0,11.0,8.0,6.0,2.0,2.0,0.0,0.0
72,31077,2,2,1.0,0.0,0.0,0.0,0.0,0.0,17.0,57.0,107.0,69.0,24.0,20.0,39.0,44.0,25.0,31.0,35.0,104.0,70.0,36.0,13.0,4.0,3.0,0.0,5.0,3.0,5.0,0.0,0.0,0.0,2.0,27.0,41.0,20.0,31.0,36.0,49.0,32.0,54.0,57.0,49.0,98.0,99.0,56.0,42.0,7.0,11.0,4.0
73,31078,0,3,0.0,0.0,0.0,0.0,0.0,0.0,0.0,0.0,4.0,0.0,2.0,3.0,4.0,2.0,7.0,31.0,20.0,16.0,3.0,2.0,1.0,0.0,1.0,0.0,0.0,0.0,0.0,0.0,0.0,0.0,9.0,11.0,34.0,1.0,4.0,2.0,1.0,1.0,3.0,1.0,1.0,1.0,1.0,3.0,0.0,0.0,1.0,1.0
74,31079,3,0,3.0,1.0,0.0,1.0,0.0,3.0,6.0,18.0,87.0,22.0,8.0,14.0,2.0,4.0,4.0,8.0,3.0,8.0,16.0,9.0,12.0,4.0,3.0,0.0,4.0,4.0,2.0,0.0,0.0,1.0,0.0,4.0,3.0,2.0,4.0,4.0,7.0,4.0,8.0,10.0,6.0,43.0,51.0,29.0,17.0,11.0,6.0,4.0
75,31080,2,2,0.0,0.0,0.0,0.0,0.0,5.0,16.0,41.0,57.0,57.0,24.0,22.0,8.0,5.0,15.0,13.0,5.0,45.0,32.0,13.0,8.0,10.0,2.0,0.0,6.0,1.0,0.0,0.0,1.0,0.0,0.0,7.0,19.0,7.0,2.0,5.0,9.0,13.0,24.0,11.0,15.0,60.0,62.0,39.0,12.0,11.0,11.0,6.0
76,31081,4,2,0.0,0.0,0.0,0.0,0.0,0.0,4.0,4.0,8.0,24.0,13.0,13.0,13.0,6.0,5.0,5.0,15.0,35.0,41.0,20.0,14.0,12.0,2.0,2.0,1.0,1.0,0.0,0.0,0.0,0.0,3.0,11.0,39.0,30.0,12.0,12.0,13.0,1.0,5.0,1.0,3.0,21.0,35.0,13.0,3.0,1.0,4.0,0.0
77,31082,4,1,3.0,3.0,1.0,0.0,1.0,3.0,3.0,7.0,11.0,4.0,4.0,5.0,7.0,5.0,4.0,11.0,9.0,28.0,23.0,6.0,5.0,4.0,6.0,7.0,1.0,1.0,0.0,0.0,1.0,1.0,13.0,7.0,21.0,6.0,2.0,4.0,5.0,7.0,12.0,4.0,7.0,6.0,23.0,25.0,21.0,6.0,4.0,1.0
78,31083,2,0,0.0,0.0,0.0,0.0,0.0,1.0,38.0,58.0,23.0,20.0,3.0,13.0,21.0,4.0,7.0,15.0,10.0,20.0,10.0,7.0,5.0,0.0,1.0,0.0,0.0,0.0,1.0,0.0,0.0,0.0,1.0,1.0,11.0,16.0,7.0,5.0,7.0,9.0,11.0,10.0,14.0,49.0,49.0,28.0,20.0,7.0,0.0,5.0
79,31084,0,2,1.0,2.0,1.0,0.0,0.0,0.0,0.0,5.0,3.0,4.0,2.0,10.0,22.0,11.0,13.0,14.0,23.0,44.0,55.0,20.0,18.0,3.0,7.0,1.0,0.0,0.0,0.0,0.0,0.0,0.0,4.0,13.0,43.0,57.0,18.0,15.0,14.0,8.0,4.0,8.0,5.0,11.0,10.0,7.0,2.0,9.0,0.0,0.0
80,31085,2,0,0.0,0.0,0.0,0.0,1.0,1.0,7.0,32.0,22.0,5.0,5.0,3.0,7.0,1.0,3.0,4.0,3.0,4.0,3.0,4.0,4.0,4.0,0.0,2.0,0.0,0.0,0.0,0.0,0.0,0.0,22.0,3.0,2.0,5.0,2.0,5.0,5.0,3.0,0.0,3.0,12.0,9.0,25.0,7.0,10.0,2.0,4.0,2.0
81,31086,2,1,1.0,0.0,0.0,0.0,0.0,1.0,3.0,21.0,11.0,6.0,6.0,14.0,11.0,14.0,10.0,13.0,16.0,5.0,13.0,1.0,9.0,5.0,3.0,2.0,0.0,0.0,0.0,0.0,0.0,0.0,10.0,8.0,2.0,7.0,9.0,10.0,16.0,10.0,9.0,7.0,10.0,27.0,27.0,16.0,9.0,7.0,3.0,0.0
82,31087,2,1,0.0,0.0,1.0,0.0,0.0,0.0,18.0,28.0,19.0,1.0,9.0,9.0,11.0,12.0,7.0,4.0,5.0,13.0,17.0,11.0,4.0,8.0,7.0,3.0,0.0,0.0,0.0,0.0,0.0,1.0,1.0,8.0,16.0,12.0,4.0,7.0,8.0,12.0,9.0,6.0,10.0,17.0,18.0,23.0,16.0,12.0,4.0,2.0
83,31088,2,0,0.0,2.0,0.0,0.0,0.0,21.0,27.0,23.0,34.0,25.0,9.0,9.0,7.0,5.0,4.0,3.0,6.0,3.0,11.0,7.0,13.0,2.0,0.0,0.0,4.0,0.0,0.0,0.0,0.0,0.0,0.0,3.0,1.0,1.0,4.0,9.0,6.0,5.0,14.0,25.0,10.0,23.0,44.0,21.0,9.0,12.0,12.0,10.0
84,31089,4,2,8.0,7.0,2.0,1.0,0.0,8.0,13.0,54.0,93.0,54.0,21.0,28.0,40.0,39.0,37.0,47.0,88.0,121.0,91.0,65.0,26.0,29.0,17.0,10.0,8.0,13.0,2.0,4.0,0.0,11.0,24.0,74.0,83.0,38.0,16.0,23.0,28.0,40.0,33.0,25.0,55.0,71.0,80.0,43.0,23.0,11.0,13.0,7.0
85,31090,2,1,0.0,0.0,0.0,0.0,0.0,0.0,2.0,2.0,10.0,0.0,0.0,3.0,6.0,6.0,2.0,3.0,2.0,2.0,6.0,11.0,4.0,3.0,2.0,1.0,0.0,0.0,0.0,0.0,0.0,0.0,1.0,5.0,6.0,5.0,3.0,1.0,6.0,5.0,4.0,0.0,4.0,9.0,14.0,12.0,11.0,4.0,6.0,1.0
86,31091,3,0,1.0,0.0,0.0,0.0,0.0,3.0,11.0,43.0,66.0,50.0,20.0,8.0,7.0,7.0,10.0,7.0,10.0,16.0,2.0,3.0,9.0,2.0,3.0,5.0,5.0,4.0,0.0,1.0,0.0,0.0,0.0,0.0,0.0,7.0,8.0,7.0,6.0,13.0,7.0,8.0,24.0,51.0,50.0,47.0,19.0,6.0,9.0,11.0
87,31092,2,1,0.0,0.0,0.0,0.0,0.0,1.0,1.0,6.0,3.0,4.0,1.0,6.0,3.0,0.0,1.0,2.0,1.0,0.0,3.0,4.0,2.0,3.0,1.0,0.0,0.0,0.0,0.0,0.0,0.0,0.0,6.0,0.0,1.0,2.0,2.0,1.0,4.0,1.0,5.0,3.0,5.0,0.0,11.0,5.0,4.0,1.0,2.0,1.0
88,31093,2,0,0.0,0.0,0.0,0.0,0.0,1.0,35.0,29.0,21.0,36.0,23.0,10.0,8.0,10.0,7.0,5.0,7.0,9.0,9.0,17.0,1.0,6.0,0.0,1.0,2.0,0.0,1.0,0.0,0.0,0.0,0.0,0.0,0.0,3.0,2.0,1.0,2.0,3.0,4.0,7.0,5.0,12.0,22.0,29.0,31.0,14.0,7.0,1.0
89,31094,2,0,2.0,1.0,0.0,0.0,0.0,0.0,2.0,13.0,15.0,10.0,6.0,4.0,8.0,2.0,3.0,3.0,4.0,2.0,5.0,6.0,3.0,1.0,4.0,2.0,0.0,2.0,0.0,0.0,0.0,0.0,2.0,3.0,3.0,1.0,2.0,6.0,2.0,7.0,1.0,2.0,10.0,14.0,20.0,14.0,7.0,7.0,5.0,1.0
90,31095,3,0,2.0,0.0,0.0,0.0,0.0,0.0,1.0,19.0,33.0,14.0,4.0,4.0,0.0,2.0,0.0,2.0,4.0,2.0,1.0,4.0,2.0,0.0,0.0,0.0,1.0,0.0,0.0,0.0,0.0,0.0,0.0,0.0,0.0,5.0,3.0,3.0,3.0,1.0,0.0,1.0,6.0,25.0,23.0,8.0,0.0,2.0,1.0,0.0
91,31096,2,0,0.0,0.0,0.0,1.0,0.0,0.0,3.0,6.0,8.0,2.0,5.0,4.0,6.0,3.0,6.0,2.0,5.0,2.0,2.0,6.0,3.0,1.0,2.0,0.0,1.0,0.0,0.0,0.0,0.0,0.0,3.0,2.0,2.0,0.0,1.0,2.0,5.0,5.0,3.0,2.0,4.0,9.0,13.0,4.0,6.0,1.0,3.0,2.0
92,31097,4,1,2.0,0.0,0.0,0.0,5.0,0.0,3.0,25.0,16.0,18.0,16.0,18.0,22.0,21.0,13.0,15.0,11.0,21.0,18.0,16.0,16.0,11.0,4.0,0.0,0.0,0.0,0.0,1.0,1.0,1.0,0.0,9.0,16.0,10.0,7.0,27.0,24.0,24.0,14.0,13.0,23.0,22.0,26.0,18.0,7.0,8.0,4.0,4.0
93,31098,4,2,0.0,2.0,0.0,0.0,2.0,2.0,11.0,33.0,68.0,42.0,20.0,8.0,9.0,14.0,10.0,8.0,18.0,56.0,53.0,17.0,6.0,5.0,0.0,0.0,0.0,2.0,0.0,0.0,1.0,5.0,30.0,18.0,44.0,36.0,5.0,15.0,10.0,13.0,13.0,15.0,31.0,64.0,60.0,28.0,11.0,2.0,3.0,0.0
94,31099,4,1,1.0,0.0,0.0,0.0,0.0,0.0,20.0,9.0,8.0,6.0,7.0,5.0,5.0,6.0,5.0,8.0,7.0,9.0,14.0,13.0,11.0,5.0,11.0,3.0,2.0,1.0,0.0,0.0,0.0,0.0,3.0,25.0,2.0,3.0,9.0,4.0,15.0,4.0,3.0,9.0,9.0,3.0,13.0,14.0,8.0,3.0,3.0,0.0
95,31100,0,2,7.0,3.0,0.0,0.0,0.0,0.0,3.0,9.0,28.0,31.0,25.0,34.0,43.0,41.0,39.0,53.0,72.0,221.0,70.0,14.0,27.0,18.0,20.0,8.0,5.0,1.0,0.0,1.0,1.0,0.0,25.0,70.0,202.0,78.0,20.0,29.0,35.0,44.0,39.0,39.0,26.0,59.0,27.0,3.0,11.0,8.0,4.0,1.0
96,31101,2,2,41.0,21.0,23.0,9.0,3.0,19.0,65.0,247.0,355.0,98.0,86.0,113.0,106.0,131.0,106.0,148.0,151.0,169.0,159.0,164.0,132.0,101.0,79.0,47.0,33.0,16.0,9.0,5.0,3.0,30.0,79.0,93.0,99.0,100.0,89.0,137.0,134.0,132.0,134.0,170.0,206.0,375.0,352.0,226.0,170.0,118.0,79.0,31.0
97,31102,2,2,25.0,20.0,12.0,1.0,1.0,22.0,80.0,186.0,247.0,48.0,43.0,61.0,68.0,67.0,51.0,59.0,44.0,57.0,75.0,87.0,55.0,46.0,52.0,33.0,23.0,17.0,9.0,3.0,1.0,5.0,23.0,23.0,14.0,17.0,13.0,17.0,31.0,29.0,43.0,38.0,52.0,118.0,138.0,128.0,97.0,82.0,80.0,49.0
98,31103,2,2,17.0,10.0,5.0,2.0,4.0,43.0,102.0,180.0,306.0,96.0,103.0,73.0,70.0,94.0,83.0,77.0,85.0,113.0,144.0,104.0,74.0,30.0,39.0,25.0,13.0,6.0,3.0,1.0,0.0,6.0,6.0,22.0,22.0,31.0,22.0,19.0,29.0,25.0,35.0,28.0,49.0,83.0,93.0,73.0,57.0,51.0,39.0,24.0
99,31104,2,2,43.0,28.0,11.0,1.0,2.0,14.0,55.0,106.0,141.0,47.0,57.0,85.0,73.0,74.0,51.0,76.0,83.0,106.0,131.0,130.0,117.0,82.0,75.0,47.0,33.0,8.0,9.0,3.0,8.0,5.0,18.0,50.0,54.0,44.0,48.0,51.0,59.0,59.0,61.0,94.0,90.0,130.0,175.0,137.0,125.0,72.0,64.0,33.0
100,31105,2,0,5.0,8.0,6.0,5.0,13.0,23.0,40.0,66.0,133.0,76.0,36.0,34.0,59.0,31.0,25.0,34.0,43.0,47.0,47.0,42.0,45.0,34.0,28.0,6.0,14.0,7.0,4.0,0.0,3.0,4.0,5.0,7.0,10.0,11.0,11.0,7.0,12.0,9.0,11.0,19.0,22.0,42.0,51.0,33.0,28.0,26.0,21.0,17.0
101,31106,2,0,3.0,6.0,0.0,1.0,1.0,13.0,14.0,73.0,113.0,24.0,16.0,10.0,15.0,7.0,18.0,20.0,36.0,35.0,64.0,29.0,12.0,17.0,10.0,3.0,1.0,8.0,3.0,2.0,0.0,3.0,4.0,8.0,11.0,6.0,7.0,8.0,6.0,11.0,5.0,7.0,11.0,26.0,42.0,37.0,28.0,11.0,9.0,16.0
102,31107,2,0,8.0,8.0,2.0,6.0,23.0,10.0,29.0,160.0,179.0,54.0,45.0,68.0,74.0,63.0,57.0,64.0,43.0,92.0,103.0,91.0,64.0,53.0,46.0,18.0,24.0,23.0,11.0,0.0,0.0,0.0,6.0,31.0,35.0,24.0,25.0,44.0,40.0,36.0,44.0,45.0,84.0,169.0,128.0,90.0,74.0,55.0,75.0,47.0
103,31108,2,2,6.0,1.0,1.0,0.0,11.0,31.0,117.0,225.0,246.0,88.0,87.0,100.0,108.0,97.0,84.0,79.0,133.0,175.0,176.0,92.0,74.0,35.0,79.0,18.0,25.0,14.0,8.0,4.0,2.0,2.0,33.0,67.0,85.0,74.0,65.0,91.0,127.0,148.0,135.0,135.0,201.0,360.0,246.0,156.0,133.0,83.0,76.0,26.0
104,31109,2,2,55.0,40.0,17.0,6.0,2.0,13.0,31.0,103.0,215.0,91.0,44.0,46.0,56.0,83.0,67.0,64.0,104.0,123.0,136.0,140.0,116.0,109.0,77.0,69.0,39.0,19.0,9.0,7.0,1.0,13.0,43.0,59.0,97.0,61.0,49.0,70.0,79.0,84.0,71.0,97.0,151.0,241.0,181.0,157.0,106.0,105.0,79.0,44.0
105,31110,4,2,31.0,10.0,4.0,3.0,2.0,8.0,58.0,106.0,264.0,130.0,85.0,61.0,72.0,82.0,61.0,72.0,111.0,172.0,153.0,150.0,106.0,59.0,49.0,31.0,16.0,12.0,10.0,3.0,3.0,20.0,72.0,89.0,194.0,100.0,74.0,76.0,69.0,70.0,85.0,85.0,108.0,211.0,210.0,145.0,87.0,82.0,49.0,37.0
106,31111,2,2,45.0,34.0,29.0,3.0,3.0,10.0,26.0,79.0,162.0,34.0,30.0,26.0,62.0,55.0,33.0,42.0,53.0,64.0,103.0,95.0,78.0,88.0,65.0,75.0,24.0,11.0,8.0,6.0,1.0,2.0,26.0,44.0,26.0,28.0,23.0,42.0,62.0,38.0,49.0,58.0,85.0,200.0,183.0,99.0,79.0,60.0,50.0,43.0
107,31112,2,1,0.0,0.0,0.0,0.0,0.0,0.0,1.0,8.0,42.0,27.0,10.0,16.0,19.0,15.0,20.0,26.0,24.0,15.0,21.0,8.0,10.0,1.0,0.0,0.0,8.0,0.0,1.0,0.0,0.0,0.0,1.0,3.0,6.0,15.0,20.0,16.0,21.0,17.0,11.0,15.0,20.0,31.0,28.0,27.0,23.0,8.0,2.0,2.0
108,31113,2,2,9.0,7.0,6.0,2.0,0.0,24.0,66.0,122.0,146.0,27.0,50.0,73.0,59.0,37.0,36.0,25.0,37.0,48.0,91.0,84.0,51.0,30.0,23.0,12.0,8.0,5.0,4.0,0.0,2.0,2.0,4.0,5.0,21.0,13.0,20.0,29.0,24.0,18.0,22.0,14.0,27.0,91.0,99.0,92.0,72.0,46.0,42.0,27.0
109,31114,2,2,48.0,39.0,19.0,3.0,1.0,8.0,44.0,144.0,226.0,62.0,78.0,86.0,75.0,52.0,44.0,49.0,98.0,97.0,115.0,119.0,107.0,91.0,94.0,65.0,25.0,20.0,6.0,5.0,1.0,7.0,48.0,43.0,31.0,25.0,32.0,30.0,52.0,49.0,47.0,50.0,99.0,194.0,272.0,158.0,107.0,79.0,79.0,32.0
110,31115,2,0,7.0,6.0,3.0,1.0,1.0,34.0,56.0,130.0,134.0,35.0,32.0,32.0,38.0,23.0,37.0,35.0,43.0,80.0,77.0,87.0,50.0,55.0,21.0,8.0,30.0,9.0,6.0,5.0,1.0,1.0,2.0,14.0,15.0,12.0,18.0,25.0,24.0,15.0,32.0,34.0,35.0,102.0,105.0,98.0,54.0,51.0,57.0,59.0
111,31116,2,2,14.0,13.0,15.0,6.0,0.0,10.0,50.0,157.0,228.0,51.0,63.0,67.0,67.0,64.0,43.0,47.0,58.0,97.0,104.0,89.0,86.0,61.0,43.0,28.0,25.0,8.0,10.0,6.0,0.0,22.0,65.0,38.0,39.0,25.0,55.0,42.0,56.0,61.0,62.0,70.0,119.0,211.0,244.0,150.0,111.0,83.0,57.0,28.0
112,31117,2,2,13.0,7.0,4.0,1.0,4.0,18.0,88.0,125.0,117.0,79.0,51.0,59.0,34.0,48.0,32.0,44.0,48.0,69.0,92.0,78.0,60.0,32.0,36.0,22.0,13.0,10.0,6.0,1.0,0.0,7.0,10.0,12.0,26.0,15.0,19.0,12.0,23.0,27.0,24.0,31.0,46.0,82.0,88.0,95.0,80.0,65.0,42.0,16.0
113,31118,2,0,4.0,3.0,1.0,1.0,5.0,19.0,54.0,98.0,148.0,31.0,56.0,50.0,45.0,27.0,36.0,34.0,48.0,43.0,69.0,44.0,21.0,13.0,14.0,7.0,11.0,3.0,5.0,4.0,0.0,1.0,6.0,12.0,29.0,17.0,16.0,22.0,28.0,35.0,24.0,26.0,51.0,122.0,133.0,82.0,69.0,28.0,42.0,14.0
114,31119,2,2,21.0,13.0,8.0,2.0,7.0,35.0,105.0,178.0,90.0,44.0,47.0,49.0,62.0,29.0,53.0,60.0,59.0,84.0,110.0,94.0,72.0,83.0,40.0,24.0,17.0,13.0,8.0,1.0,0.0,25.0,43.0,40.0,58.0,26.0,38.0,38.0,45.0,47.0,49.0,65.0,95.0,140.0,205.0,116.0,85.0,77.0,40.0,21.0
115,31120,2,0,11.0,2.0,4.0,1.0,4.0,20.0,24.0,75.0,165.0,58.0,27.0,32.0,30.0,33.0,47.0,27.0,31.0,39.0,45.0,38.0,44.0,39.0,16.0,8.0,5.0,7.0,2.0,2.0,1.0,6.0,35.0,19.0,9.0,22.0,18.0,19.0,18.0,30.0,30.0,32.0,38.0,74.0,159.0,122.0,56.0,46.0,30.0,13.0
116,31121,4,2,6.0,4.0,3.0,2.0,3.0,12.0,31.0,129.0,181.0,65.0,58.0,46.0,58.0,70.0,43.0,76.0,69.0,142.0,126.0,97.0,95.0,56.0,43.0,15.0,8.0,11.0,7.0,3.0,1.0,4.0,55.0,164.0,159.0,64.0,38.0,51.0,61.0,72.0,45.0,37.0,65.0,108.0,147.0,123.0,95.0,59.0,44.0,19.0
117,31122,2,2,9.0,6.0,3.0,1.0,7.0,19.0,47.0,68.0,172.0,53.0,49.0,48.0,32.0,35.0,24.0,49.0,32.0,64.0,70.0,67.0,47.0,29.0,28.0,21.0,13.0,9.0,6.0,2.0,1.0,0.0,13.0,24.0,29.0,18.0,15.0,22.0,31.0,10.0,26.0,29.0,33.0,66.0,93.0,68.0,58.0,36.0,27.0,18.0
118,31123,2,2,8.0,5.0,5.0,1.0,2.0,18.0,38.0,70.0,85.0,27.0,23.0,26.0,22.0,11.0,18.0,20.0,23.0,40.0,42.0,42.0,34.0,14.0,9.0,10.0,13.0,3.0,3.0,1.0,2.0,2.0,2.0,9.0,20.0,12.0,8.0,16.0,10.0,11.0,13.0,18.0,25.0,47.0,50.0,47.0,42.0,35.0,40.0,22.0
119,31124,4,2,26.0,11.0,6.0,3.0,2.0,31.0,76.0,140.0,363.0,184.0,113.0,131.0,124.0,93.0,155.0,146.0,152.0,231.0,241.0,211.0,152.0,150.0,88.0,51.0,17.0,8.0,3.0,2.0,1.0,20.0,44.0,94.0,141.0,42.0,53.0,67.0,73.0,62.0,86.0,82.0,110.0,138.0,158.0,148.0,130.0,85.0,56.0,26.0
120,31125,2,2,17.0,11.0,7.0,3.0,8.0,12.0,100.0,242.0,124.0,46.0,71.0,75.0,74.0,66.0,60.0,86.0,85.0,108.0,130.0,156.0,93.0,55.0,39.0,18.0,24.0,10.0,6.0,6.0,1.0,20.0,34.0,38.0,58.0,30.0,33.0,65.0,75.0,61.0,90.0,83.0,136.0,284.0,207.0,182.0,151.0,92.0,67.0,55.0
121,31126,2,2,10.0,5.0,3.0,2.0,0.0,9.0,36.0,160.0,178.0,57.0,59.0,52.0,50.0,50.0,32.0,41.0,66.0,89.0,146.0,111.0,55.0,45.0,24.0,18.0,22.0,5.0,10.0,2.0,0.0,0.0,6.0,25.0,38.0,12.0,27.0,25.0,37.0,42.0,35.0,41.0,84.0,173.0,163.0,137.0,91.0,73.0,39.0,26.0
122,31127,4,2,4.0,1.0,0.0,0.0,0.0,4.0,13.0,14.0,34.0,37.0,13.0,36.0,39.0,31.0,38.0,40.0,68.0,114.0,122.0,68.0,23.0,19.0,10.0,6.0,1.0,3.0,3.0,11.0,0.0,2.0,33.0,51.0,97.0,57.0,28.0,38.0,42.0,42.0,32.0,50.0,36.0,49.0,50.0,35.0,13.0,17.0,8.0,11.0
123,31128,4,2,8.0,2.0,5.0,0.0,1.0,8.0,24.0,69.0,145.0,94.0,92.0,120.0,89.0,112.0,87.0,66.0,117.0,213.0,220.0,128.0,79.0,53.0,36.0,31.0,9.0,8.0,1.0,4.0,0.0,24.0,78.0,173.0,279.0,146.0,92.0,95.0,103.0,109.0,90.0,119.0,132.0,148.0,160.0,116.0,63.0,41.0,39.0,24.0
124,31129,4,2,8.0,6.0,1.0,0.0,0.0,0.0,2.0,23.0,29.0,31.0,38.0,52.0,53.0,102.0,63.0,55.0,98.0,183.0,171.0,107.0,123.0,61.0,39.0,19.0,10.0,3.0,1.0,1.0,2.0,0.0,23.0,68.0,163.0,127.0,68.0,65.0,75.0,88.0,87.0,56.0,97.0,91.0,102.0,68.0,68.0,46.0,41.0,23.0
125,31200,4,2,53.0,15.0,11.0,5.0,2.0,8.0,37.0,113.0,203.0,253.0,160.0,159.0,185.0,184.0,153.0,153.0,224.0,367.0,369.0,267.0,172.0,127.0,94.0,42.0,30.0,12.0,7.0,2.0,18.0,22.0,126.0,256.0,400.0,221.0,186.0,202.0,214.0,152.0,135.0,163.0,237.0,317.0,320.0,199.0,148.0,104.0,91.0,44.0
126,31201,4,2,44.0,33.0,18.0,8.0,4.0,21.0,72.0,239.0,348.0,121.0,130.0,126.0,180.0,227.0,167.0,193.0,239.0,316.0,359.0,360.0,228.0,175.0,107.0,60.0,30.0,12.0,12.0,3.0,3.0,30.0,106.0,206.0,222.0,134.0,121.0,174.0,219.0,186.0,179.0,245.0,340.0,471.0,374.0,318.0,236.0,135.0,98.0,41.0
127,31202,2,2,56.0,34.0,30.0,12.0,3.0,10.0,81.0,122.0,172.0,65.0,66.0,80.0,94.0,110.0,103.0,145.0,114.0,153.0,155.0,148.0,145.0,124.0,105.0,63.0,20.0,19.0,14.0,2.0,0.0,3.0,30.0,60.0,93.0,84.0,88.0,105.0,118.0,103.0,121.0,180.0,216.0,295.0,227.0,178.0,165.0,91.0,59.0,49.0
128,31203,2,2,24.0,32.0,34.0,10.0,4.0,18.0,36.0,142.0,139.0,84.0,49.0,74.0,110.0,107.0,109.0,109.0,111.0,162.0,252.0,250.0,159.0,163.0,121.0,84.0,25.0,26.0,16.0,6.0,2.0,4.0,24.0,26.0,75.0,71.0,57.0,75.0,120.0,102.0,104.0,122.0,182.0,361.0,284.0,242.0,196.0,128.0,86.0,62.0
129,31204,4,2,3.0,1.0,1.0,2.0,1.0,20.0,12.0,40.0,42.0,34.0,38.0,43.0,53.0,32.0,29.0,56.0,103.0,105.0,55.0,29.0,11.0,29.0,14.0,4.0,12.0,6.0,3.0,3.0,3.0,1.0,36.0,82.0,158.0,149.0,56.0,46.0,43.0,56.0,51.0,48.0,42.0,61.0,28.0,34.0,41.0,27.0,28.0,22.0
130,31205,0,2,6.0,0.0,1.0,1.0,0.0,2.0,4.0,11.0,51.0,54.0,23.0,23.0,38.0,57.0,40.0,75.0,50.0,153.0,149.0,52.0,32.0,28.0,13.0,6.0,6.0,2.0,3.0,0.0,0.0,1.0,12.0,76.0,159.0,310.0,117.0,45.0,53.0,73.0,53.0,44.0,50.0,60.0,33.0,19.0,22.0,17.0,19.0,6.0
131,31206,0,2,4.0,0.0,0.0,0.0,0.0,0.0,2.0,10.0,16.0,15.0,3.0,11.0,13.0,6.0,28.0,29.0,54.0,99.0,31.0,7.0,11.0,5.0,2.0,0.0,3.0,1.0,0.0,0.0,0.0,0.0,31.0,57.0,73.0,46.0,10.0,14.0,11.0,13.0,6.0,17.0,10.0,17.0,10.0,3.0,5.0,1.0,1.0,0.0
132,31207,2,1,4.0,1.0,1.0,0.0,0.0,14.0,9.0,18.0,77.0,57.0,19.0,22.0,16.0,22.0,21.0,21.0,22.0,23.0,29.0,34.0,24.0,26.0,11.0,11.0,6.0,3.0,0.0,1.0,0.0,10.0,6.0,4.0,7.0,14.0,6.0,15.0,22.0,20.0,16.0,22.0,32.0,19.0,40.0,31.0,9.0,9.0,18.0,17.0
133,31208,4,2,1.0,2.0,2.0,0.0,0.0,5.0,10.0,22.0,118.0,32.0,27.0,35.0,41.0,30.0,46.0,115.0,139.0,126.0,91.0,43.0,43.0,44.0,95.0,22.0,5.0,4.0,0.0,1.0,3.0,2.0,143.0,144.0,198.0,81.0,39.0,45.0,60.0,49.0,46.0,47.0,70.0,143.0,155.0,93.0,48.0,31.0,23.0,13.0
134,31209,4,1,5.0,4.0,2.0,0.0,0.0,1.0,1.0,23.0,19.0,19.0,16.0,28.0,32.0,54.0,63.0,75.0,77.0,61.0,71.0,61.0,61.0,112.0,181.0,24.0,4.0,7.0,3.0,1.0,1.0,2.0,18.0,33.0,69.0,49.0,39.0,49.0,103.0,93.0,57.0,44.0,82.0,201.0,238.0,141.0,86.0,28.0,28.0,23.0
135,31211,4,2,4.0,0.0,0.0,0.0,0.0,0.0,9.0,25.0,25.0,21.0,15.0,23.0,31.0,14.0,12.0,20.0,79.0,115.0,136.0,62.0,29.0,23.0,121.0,11.0,1.0,0.0,0.0,0.0,0.0,1.0,4.0,16.0,225.0,106.0,23.0,15.0,90.0,28.0,30.0,28.0,31.0,100.0,195.0,53.0,15.0,10.0,14.0,5.0
136,31212,4,2,17.0,7.0,5.0,1.0,1.0,9.0,17.0,60.0,211.0,99.0,62.0,81.0,72.0,88.0,88.0,71.0,121.0,257.0,213.0,91.0,67.0,59.0,49.0,23.0,16.0,7.0,6.0,4.0,2.0,23.0,93.0,142.0,282.0,177.0,84.0,63.0,91.0,68.0,55.0,76.0,110.0,178.0,128.0,71.0,75.0,66.0,40.0,26.0
137,31213,4,2,0.0,2.0,2.0,2.0,1.0,2.0,29.0,93.0,125.0,91.0,65.0,64.0,71.0,76.0,65.0,93.0,131.0,278.0,314.0,72.0,43.0,21.0,21.0,16.0,1.0,3.0,1.0,0.0,0.0,29.0,77.0,322.0,241.0,127.0,79.0,76.0,104.0,74.0,65.0,81.0,107.0,190.0,115.0,48.0,27.0,17.0,17.0,19.0
138,31214,2,2,36.0,30.0,20.0,6.0,6.0,21.0,81.0,192.0,141.0,126.0,116.0,81.0,119.0,96.0,101.0,96.0,120.0,193.0,190.0,166.0,141.0,103.0,100.0,67.0,38.0,27.0,15.0,9.0,4.0,6.0,41.0,62.0,77.0,92.0,96.0,96.0,100.0,94.0,100.0,139.0,176.0,303.0,266.0,211.0,162.0,121.0,102.0,71.0
139,31215,4,2,12.0,6.0,1.0,1.0,0.0,0.0,4.0,50.0,14.0,40.0,29.0,43.0,42.0,68.0,49.0,54.0,78.0,126.0,137.0,97.0,72.0,43.0,23.0,28.0,4.0,0.0,3.0,0.0,0.0,23.0,33.0,129.0,189.0,127.0,64.0,79.0,61.0,95.0,71.0,74.0,96.0,109.0,102.0,96.0,41.0,18.0,32.0,9.0
140,31216,0,2,3.0,2.0,1.0,0.0,0.0,5.0,0.0,17.0,21.0,42.0,24.0,51.0,68.0,50.0,42.0,46.0,75.0,306.0,85.0,45.0,43.0,22.0,14.0,11.0,2.0,1.0,0.0,0.0,5.0,10.0,9.0,92.0,252.0,137.0,38.0,44.0,58.0,55.0,44.0,46.0,46.0,57.0,47.0,27.0,21.0,7.0,6.0,8.0
141,31217,0,2,2.0,0.0,1.0,0.0,0.0,2.0,8.0,10.0,19.0,10.0,12.0,22.0,37.0,35.0,45.0,120.0,195.0,203.0,93.0,30.0,27.0,11.0,28.0,3.0,2.0,0.0,0.0,0.0,0.0,4.0,82.0,136.0,256.0,85.0,28.0,27.0,44.0,39.0,41.0,27.0,20.0,22.0,26.0,13.0,25.0,7.0,17.0,5.0
142,31218,4,2,0.0,1.0,0.0,4.0,0.0,12.0,137.0,161.0,190.0,102.0,37.0,46.0,43.0,51.0,47.0,119.0,151.0,230.0,113.0,42.0,33.0,29.0,19.0,5.0,0.0,5.0,0.0,0.0,0.0,9.0,60.0,138.0,192.0,120.0,73.0,39.0,70.0,52.0,47.0,127.0,148.0,196.0,123.0,33.0,34.0,22.0,29.0,8.0
143,31219,0,2,4.0,3.0,0.0,0.0,0.0,1.0,0.0,5.0,17.0,28.0,29.0,58.0,76.0,68.0,78.0,118.0,192.0,275.0,85.0,51.0,39.0,27.0,18.0,6.0,9.0,0.0,0.0,0.0,0.0,5.0,30.0,95.0,270.0,163.0,74.0,54.0,88.0,78.0,99.0,81.0,89.0,75.0,62.0,35.0,11.0,10.0,10.0,4.0
144,31220,0,2,4.0,0.0,0.0,0.0,0.0,0.0,19.0,27.0,31.0,22.0,5.0,28.0,35.0,20.0,24.0,33.0,121.0,79.0,36.0,15.0,16.0,12.0,3.0,3.0,1.0,0.0,0.0,0.0,0.0,8.0,24.0,136.0,211.0,28.0,7.0,13.0,25.0,23.0,11.0,22.0,18.0,6.0,7.0,2.0,16.0,11.0,3.0,2.0
145,31221,0,2,11.0,10.0,6.0,1.0,1.0,0.0,19.0,13.0,33.0,38.0,33.0,46.0,82.0,71.0,63.0,109.0,199.0,255.0,165.0,56.0,53.0,27.0,20.0,8.0,8.0,4.0,1.0,1.0,1.0,21.0,55.0,202.0,276.0,93.0,49.0,61.0,78.0,73.0,57.0,69.0,71.0,115.0,85.0,55.0,43.0,24.0,13.0,22.0
146,31222,4,2,8.0,3.0,3.0,1.0,0.0,2.0,9.0,9.0,24.0,27.0,35.0,48.0,125.0,80.0,69.0,79.0,139.0,256.0,116.0,82.0,60.0,40.0,24.0,25.0,7.0,1.0,0.0,2.0,1.0,10.0,45.0,83.0,200.0,81.0,43.0,74.0,74.0,82.0,74.0,62.0,61.0,88.0,64.0,53.0,43.0,26.0,29.0,19.0
147,31223,2,2,25.0,14.0,8.0,1.0,3.0,7.0,35.0,151.0,315.0,63.0,32.0,56.0,52.0,74.0,58.0,65.0,110.0,178.0,203.0,124.0,100.0,95.0,82.0,46.0,19.0,21.0,23.0,5.0,8.0,27.0,49.0,127.0,95.0,51.0,49.0,50.0,53.0,53.0,38.0,60.0,125.0,246.0,249.0,168.0,108.0,71.0,57.0,38.0
148,31224,0,2,5.0,3.0,1.0,2.0,3.0,3.0,1.0,17.0,46.0,30.0,34.0,44.0,52.0,82.0,78.0,56.0,86.0,200.0,138.0,63.0,38.0,24.0,4.0,8.0,5.0,0.0,1.0,0.0,0.0,8.0,44.0,122.0,207.0,55.0,40.0,29.0,50.0,73.0,49.0,34.0,41.0,92.0,71.0,33.0,38.0,13.0,2.0,7.0
149,31225,4,2,10.0,3.0,2.0,0.0,0.0,1.0,4.0,11.0,16.0,27.0,28.0,40.0,77.0,59.0,48.0,73.0,60.0,156.0,84.0,65.0,45.0,28.0,17.0,10.0,1.0,0.0,2.0,1.0,3.0,15.0,34.0,60.0,137.0,96.0,84.0,83.0,72.0,59.0,54.0,67.0,72.0,95.0,92.0,79.0,36.0,24.0,10.0,7.0
150,31226,4,1,4.0,0.0,0.0,0.0,3.0,16.0,9.0,33.0,36.0,28.0,21.0,20.0,15.0,23.0,25.0,34.0,47.0,42.0,37.0,31.0,17.0,6.0,5.0,4.0,3.0,0.0,0.0,0.0,0.0,3.0,10.0,15.0,24.0,31.0,8.0,14.0,17.0,16.0,16.0,18.0,27.0,32.0,45.0,18.0,19.0,5.0,8.0,1.0
151,31227,0,2,1.0,8.0,1.0,3.0,1.0,6.0,4.0,23.0,63.0,46.0,35.0,48.0,86.0,56.0,54.0,73.0,129.0,175.0,76.0,28.0,29.0,17.0,15.0,11.0,5.0,4.0,6.0,9.0,9.0,21.0,15.0,157.0,448.0,762.0,124.0,50.0,73.0,96.0,66.0,43.0,50.0,68.0,53.0,24.0,22.0,7.0,6.0,6.0
152,31228,4,2,18.0,10.0,11.0,3.0,2.0,1.0,16.0,70.0,196.0,143.0,88.0,97.0,121.0,141.0,125.0,104.0,101.0,219.0,228.0,208.0,167.0,127.0,91.0,38.0,9.0,6.0,12.0,0.0,0.0,63.0,116.0,125.0,252.0,179.0,85.0,109.0,182.0,119.0,116.0,108.0,170.0,295.0,203.0,170.0,92.0,78.0,56.0,24.0
153,31229,2,2,38.0,24.0,13.0,2.0,5.0,17.0,177.0,321.0,182.0,173.0,122.0,118.0,126.0,130.0,120.0,125.0,129.0,190.0,280.0,242.0,140.0,100.0,56.0,56.0,31.0,17.0,11.0,8.0,2.0,20.0,78.0,85.0,73.0,61.0,96.0,112.0,112.0,125.0,125.0,159.0,228.0,391.0,279.0,242.0,181.0,122.0,98.0,72.0
154,31230,0,2,11.0,3.0,3.0,0.0,0.0,3.0,7.0,39.0,48.0,37.0,51.0,52.0,108.0,94.0,65.0,118.0,128.0,406.0,296.0,131.0,55.0,30.0,17.0,18.0,6.0,1.0,2.0,3.0,1.0,14.0,89.0,178.0,419.0,176.0,72.0,76.0,109.0,124.0,91.0,88.0,93.0,152.0,135.0,72.0,30.0,20.0,26.0,17.0
155,31231,0,2,3.0,2.0,0.0,0.0,0.0,0.0,18.0,19.0,64.0,29.0,31.0,44.0,48.0,57.0,59.0,121.0,151.0,242.0,103.0,27.0,27.0,20.0,7.0,6.0,9.0,3.0,0.0,0.0,1.0,7.0,50.0,164.0,243.0,126.0,48.0,52.0,87.0,60.0,60.0,88.0,59.0,89.0,41.0,13.0,11.0,10.0,8.0,3.0
156,31232,4,2,12.0,6.0,3.0,4.0,2.0,9.0,59.0,45.0,137.0,62.0,42.0,56.0,72.0,114.0,101.0,99.0,125.0,250.0,246.0,193.0,95.0,83.0,69.0,28.0,11.0,2.0,0.0,0.0,29.0,12.0,55.0,123.0,171.0,128.0,69.0,126.0,128.0,132.0,82.0,92.0,152.0,258.0,173.0,108.0,84.0,49.0,33.0,17.0
157,31233,0,2,9.0,2.0,2.0,1.0,1.0,1.0,22.0,36.0,66.0,82.0,35.0,57.0,63.0,80.0,102.0,87.0,182.0,395.0,193.0,43.0,51.0,33.0,47.0,9.0,7.0,4.0,2.0,6.0,2.0,13.0,45.0,268.0,671.0,497.0,189.0,81.0,146.0,100.0,62.0,87.0,116.0,153.0,75.0,44.0,44.0,27.0,25.0,25.0
158,31234,4,2,16.0,15.0,11.0,9.0,2.0,6.0,18.0,83.0,189.0,113.0,70.0,70.0,78.0,61.0,61.0,60.0,89.0,214.0,219.0,143.0,84.0,64.0,51.0,27.0,23.0,11.0,6.0,2.0,1.0,8.0,31.0,82.0,193.0,149.0,97.0,73.0,65.0,61.0,81.0,66.0,122.0,221.0,154.0,113.0,87.0,49.0,45.0,25.0
159,31235,0,2,2.0,2.0,0.0,0.0,0.0,0.0,0.0,4.0,3.0,4.0,21.0,22.0,29.0,16.0,20.0,36.0,74.0,157.0,94.0,65.0,24.0,25.0,14.0,4.0,12.0,0.0,0.0,0.0,0.0,0.0,4.0,63.0,178.0,105.0,29.0,33.0,33.0,26.0,14.0,33.0,15.0,34.0,42.0,25.0,11.0,18.0,13.0,8.0
160,31236,0,2,4.0,2.0,0.0,0.0,0.0,2.0,3.0,15.0,39.0,34.0,20.0,44.0,48.0,39.0,64.0,69.0,94.0,149.0,83.0,51.0,36.0,18.0,6.0,14.0,2.0,3.0,0.0,1.0,1.0,5.0,3.0,41.0,134.0,141.0,62.0,46.0,62.0,44.0,33.0,27.0,29.0,60.0,38.0,23.0,19.0,9.0,8.0,3.0
161,31237,4,2,15.0,4.0,3.0,1.0,0.0,9.0,33.0,53.0,90.0,113.0,78.0,67.0,95.0,72.0,55.0,66.0,59.0,185.0,178.0,136.0,95.0,61.0,30.0,17.0,18.0,8.0,4.0,1.0,3.0,1.0,13.0,35.0,106.0,87.0,63.0,83.0,124.0,84.0,81.0,75.0,103.0,161.0,148.0,100.0,95.0,83.0,45.0,31.0
162,31238,0,2,10.0,5.0,3.0,0.0,1.0,0.0,8.0,36.0,16.0,35.0,38.0,40.0,71.0,88.0,66.0,82.0,144.0,333.0,124.0,46.0,39.0,24.0,19.0,16.0,10.0,3.0,0.0,0.0,13.0,8.0,27.0,138.0,250.0,73.0,39.0,39.0,68.0,77.0,69.0,51.0,69.0,60.0,65.0,21.0,24.0,15.0,4.0,4.0
163,31239,0,2,8.0,9.0,6.0,2.0,0.0,2.0,4.0,17.0,49.0,64.0,36.0,62.0,82.0,95.0,79.0,94.0,138.0,301.0,148.0,84.0,37.0,23.0,12.0,19.0,2.0,4.0,2.0,3.0,4.0,19.0,28.0,138.0,304.0,106.0,76.0,61.0,85.0,64.0,83.0,72.0,62.0,115.0,91.0,66.0,24.0,18.0,21.0,11.0
164,31240,4,1,4.0,3.0,0.0,0.0,0.0,0.0,15.0,25.0,13.0,24.0,25.0,60.0,48.0,42.0,53.0,34.0,43.0,56.0,39.0,70.0,64.0,27.0,18.0,15.0,4.0,6.0,0.0,0.0,0.0,0.0,17.0,19.0,11.0,39.0,25.0,72.0,47.0,46.0,63.0,37.0,80.0,79.0,125.0,43.0,33.0,21.0,18.0,8.0
165,31241,4,2,21.0,11.0,11.0,6.0,8.0,35.0,71.0,111.0,299.0,236.0,113.0,96.0,100.0,99.0,75.0,92.0,132.0,238.0,271.0,146.0,101.0,85.0,69.0,35.0,26.0,18.0,7.0,2.0,5.0,18.0,44.0,71.0,325.0,270.0,73.0,89.0,91.0,77.0,83.0,79.0,144.0,222.0,187.0,125.0,110.0,111.0,92.0,46.0
166,31242,0,3,1.0,1.0,0.0,0.0,0.0,1.0,1.0,5.0,25.0,26.0,32.0,41.0,55.0,56.0,69.0,66.0,154.0,346.0,82.0,36.0,29.0,34.0,18.0,5.0,0.0,1.0,0.0,0.0,1.0,2.0,19.0,120.0,397.0,98.0,39.0,45.0,62.0,67.0,46.0,38.0,53.0,36.0,32.0,17.0,11.0,15.0,10.0,0.0
167,31243,0,2,2.0,2.0,0.0,1.0,1.0,1.0,42.0,62.0,64.0,67.0,43.0,53.0,66.0,82.0,83.0,133.0,252.0,293.0,126.0,44.0,51.0,32.0,15.0,18.0,4.0,0.0,0.0,1.0,6.0,17.0,50.0,193.0,322.0,193.0,95.0,88.0,91.0,116.0,66.0,90.0,104.0,103.0,54.0,63.0,39.0,43.0,27.0,21.0
168,31244,4,2,6.0,2.0,0.0,1.0,4.0,21.0,88.0,122.0,164.0,73.0,46.0,45.0,72.0,52.0,68.0,122.0,197.0,208.0,179.0,79.0,42.0,28.0,19.0,12.0,17.0,16.0,4.0,3.0,4.0,10.0,47.0,112.0,282.0,136.0,49.0,46.0,58.0,77.0,70.0,93.0,101.0,191.0,150.0,93.0,86.0,80.0,77.0,36.0
169,31245,2,2,6.0,4.0,6.0,4.0,0.0,11.0,33.0,101.0,276.0,89.0,48.0,37.0,61.0,43.0,74.0,69.0,92.0,128.0,144.0,118.0,87.0,78.0,62.0,40.0,17.0,11.0,2.0,6.0,0.0,1.0,45.0,93.0,104.0,44.0,43.0,47.0,61.0,86.0,70.0,62.0,122.0,166.0,213.0,159.0,119.0,101.0,66.0,36.0
170,31246,4,2,14.0,9.0,4.0,0.0,1.0,3.0,8.0,24.0,88.0,77.0,43.0,51.0,61.0,81.0,70.0,55.0,83.0,175.0,158.0,126.0,100.0,50.0,45.0,25.0,14.0,7.0,5.0,1.0,0.0,4.0,32.0,74.0,177.0,137.0,83.0,93.0,94.0,109.0,112.0,108.0,105.0,167.0,175.0,131.0,69.0,41.0,33.0,12.0
171,31247,4,2,7.0,1.0,3.0,1.0,0.0,6.0,18.0,54.0,58.0,40.0,71.0,80.0,163.0,159.0,153.0,193.0,176.0,147.0,106.0,102.0,137.0,85.0,55.0,22.0,5.0,1.0,6.0,1.0,4.0,17.0,36.0,85.0,117.0,112.0,110.0,111.0,170.0,171.0,158.0,182.0,162.0,157.0,134.0,107.0,98.0,71.0,41.0,25.0
172,31248,4,2,10.0,1.0,0.0,0.0,0.0,3.0,10.0,33.0,72.0,63.0,48.0,63.0,107.0,102.0,109.0,162.0,171.0,279.0,148.0,115.0,78.0,38.0,36.0,21.0,5.0,4.0,0.0,0.0,0.0,0.0,40.0,56.0,163.0,91.0,126.0,163.0,142.0,155.0,115.0,112.0,146.0,142.0,121.0,68.0,78.0,51.0,19.0,14.0
173,31249,4,2,17.0,7.0,2.0,0.0,0.0,5.0,34.0,90.0,135.0,60.0,61.0,116.0,149.0,128.0,119.0,116.0,151.0,213.0,277.0,179.0,136.0,92.0,65.0,27.0,12.0,2.0,3.0,1.0,4.0,6.0,34.0,111.0,139.0,55.0,88.0,118.0,148.0,120.0,105.0,122.0,143.0,227.0,274.0,197.0,121.0,92.0,61.0,30.0
174,31250,0,2,2.0,3.0,1.0,0.0,2.0,2.0,2.0,9.0,38.0,27.0,32.0,38.0,42.0,39.0,37.0,56.0,120.0,179.0,91.0,26.0,21.0,15.0,11.0,12.0,2.0,1.0,0.0,0.0,1.0,13.0,73.0,154.0,177.0,75.0,35.0,46.0,39.0,34.0,29.0,24.0,27.0,45.0,26.0,16.0,13.0,9.0,11.0,1.0
175,31251,4,2,10.0,5.0,1.0,0.0,1.0,11.0,53.0,41.0,202.0,168.0,57.0,36.0,60.0,50.0,57.0,65.0,92.0,201.0,112.0,69.0,40.0,39.0,42.0,18.0,17.0,13.0,4.0,3.0,3.0,18.0,4.0,41.0,225.0,135.0,45.0,53.0,66.0,61.0,55.0,65.0,90.0,145.0,117.0,65.0,55.0,53.0,57.0,36.0
176,31252,0,2,0.0,3.0,2.0,0.0,0.0,0.0,1.0,12.0,46.0,43.0,31.0,47.0,52.0,41.0,48.0,45.0,82.0,199.0,86.0,23.0,27.0,22.0,12.0,5.0,2.0,2.0,0.0,0.0,0.0,1.0,24.0,35.0,191.0,139.0,37.0,30.0,49.0,56.0,31.0,20.0,40.0,64.0,28.0,14.0,13.0,14.0,12.0,1.0
177,31253,0,2,1.0,0.0,2.0,0.0,0.0,0.0,6.0,6.0,21.0,21.0,22.0,23.0,50.0,53.0,34.0,44.0,95.0,251.0,128.0,33.0,19.0,20.0,10.0,3.0,0.0,0.0,2.0,0.0,0.0,9.0,14.0,75.0,231.0,168.0,25.0,23.0,39.0,34.0,36.0,27.0,31.0,29.0,37.0,15.0,6.0,10.0,4.0,2.0
178,31254,0,2,6.0,6.0,8.0,6.0,2.0,0.0,2.0,23.0,20.0,22.0,26.0,37.0,50.0,35.0,44.0,72.0,126.0,290.0,126.0,57.0,25.0,29.0,25.0,5.0,3.0,3.0,4.0,0.0,0.0,16.0,39.0,81.0,227.0,144.0,40.0,40.0,45.0,42.0,43.0,48.0,54.0,61.0,45.0,25.0,19.0,9.0,4.0,9.0
179,31255,4,2,7.0,1.0,2.0,1.0,0.0,0.0,11.0,31.0,114.0,80.0,50.0,39.0,55.0,50.0,59.0,83.0,140.0,215.0,125.0,57.0,17.0,14.0,7.0,12.0,6.0,3.0,1.0,0.0,0.0,8.0,72.0,119.0,211.0,88.0,48.0,39.0,63.0,60.0,53.0,97.0,70.0,98.0,99.0,37.0,29.0,23.0,10.0,15.0
180,31256,4,2,14.0,4.0,3.0,0.0,0.0,3.0,7.0,10.0,22.0,29.0,34.0,39.0,37.0,71.0,64.0,60.0,94.0,190.0,153.0,85.0,61.0,63.0,23.0,30.0,10.0,4.0,2.0,0.0,0.0,12.0,23.0,100.0,152.0,36.0,52.0,61.0,74.0,84.0,83.0,69.0,51.0,125.0,103.0,118.0,30.0,44.0,27.0,8.0
181,31257,4,2,3.0,1.0,1.0,0.0,1.0,0.0,11.0,66.0,98.0,60.0,66.0,49.0,66.0,77.0,83.0,89.0,143.0,200.0,170.0,79.0,63.0,52.0,33.0,34.0,6.0,0.0,2.0,1.0,1.0,5.0,52.0,99.0,137.0,90.0,62.0,60.0,82.0,88.0,71.0,85.0,131.0,155.0,113.0,75.0,47.0,41.0,40.0,11.0
182,31258,4,2,21.0,7.0,3.0,0.0,0.0,4.0,41.0,114.0,90.0,55.0,131.0,163.0,144.0,179.0,126.0,155.0,134.0,204.0,196.0,179.0,141.0,140.0,93.0,71.0,36.0,6.0,3.0,1.0,4.0,22.0,91.0,55.0,107.0,77.0,123.0,135.0,159.0,161.0,145.0,183.0,173.0,258.0,218.0,191.0,132.0,152.0,100.0,75.0
183,31259,0,3,0.0,0.0,0.0,0.0,0.0,1.0,4.0,8.0,6.0,6.0,4.0,11.0,22.0,6.0,17.0,17.0,48.0,160.0,39.0,9.0,6.0,6.0,5.0,1.0,0.0,1.0,3.0,0.0,0.0,0.0,4.0,18.0,192.0,67.0,9.0,8.0,8.0,15.0,6.0,10.0,13.0,15.0,5.0,8.0,4.0,0.0,5.0,3.0
184,31260,0,2,5.0,2.0,0.0,3.0,2.0,1.0,12.0,34.0,88.0,98.0,35.0,27.0,41.0,31.0,31.0,45.0,86.0,197.0,93.0,53.0,29.0,18.0,16.0,4.0,11.0,5.0,3.0,3.0,2.0,6.0,6.0,55.0,203.0,129.0,22.0,24.0,16.0,44.0,33.0,30.0,62.0,87.0,74.0,41.0,34.0,28.0,13.0,20.0
185,31261,0,2,6.0,0.0,0.0,0.0,1.0,0.0,3.0,8.0,8.0,5.0,12.0,12.0,12.0,27.0,20.0,15.0,36.0,97.0,57.0,28.0,22.0,8.0,8.0,6.0,2.0,2.0,2.0,0.0,2.0,0.0,12.0,73.0,175.0,40.0,17.0,7.0,13.0,20.0,10.0,6.0,26.0,26.0,47.0,19.0,9.0,5.0,2.0,4.0
186,31262,4,2,4.0,2.0,0.0,1.0,0.0,1.0,3.0,25.0,14.0,13.0,17.0,32.0,40.0,49.0,48.0,44.0,54.0,170.0,143.0,83.0,31.0,35.0,21.0,8.0,3.0,2.0,2.0,0.0,0.0,19.0,39.0,104.0,160.0,56.0,23.0,35.0,49.0,54.0,51.0,48.0,45.0,91.0,62.0,44.0,20.0,18.0,22.0,2.0
187,31263,4,2,8.0,4.0,2.0,2.0,1.0,4.0,30.0,60.0,243.0,153.0,69.0,50.0,61.0,62.0,79.0,64.0,121.0,172.0,136.0,78.0,48.0,38.0,30.0,20.0,9.0,3.0,4.0,1.0,4.0,19.0,27.0,87.0,235.0,130.0,66.0,62.0,59.0,62.0,47.0,81.0,112.0,145.0,94.0,79.0,53.0,47.0,29.0,22.0
188,31264,4,2,9.0,5.0,1.0,1.0,0.0,2.0,11.0,28.0,98.0,45.0,51.0,49.0,64.0,38.0,65.0,90.0,142.0,238.0,103.0,58.0,62.0,51.0,29.0,22.0,3.0,4.0,0.0,1.0,3.0,0.0,22.0,92.0,154.0,140.0,57.0,55.0,64.0,85.0,73.0,64.0,70.0,154.0,85.0,53.0,57.0,46.0,18.0,12.0
189,31265,2,2,17.0,10.0,4.0,2.0,0.0,17.0,77.0,172.0,230.0,98.0,77.0,78.0,76.0,64.0,67.0,85.0,101.0,198.0,194.0,154.0,95.0,81.0,69.0,38.0,21.0,15.0,11.0,2.0,4.0,12.0,51.0,87.0,131.0,75.0,47.0,83.0,99.0,107.0,73.0,118.0,181.0,284.0,272.0,134.0,121.0,74.0,68.0,42.0
190,31266,2,2,15.0,9.0,3.0,5.0,25.0,44.0,136.0,147.0,90.0,83.0,60.0,55.0,68.0,90.0,79.0,82.0,96.0,205.0,249.0,185.0,131.0,116.0,98.0,45.0,43.0,24.0,20.0,7.0,2.0,20.0,31.0,46.0,42.0,43.0,44.0,56.0,84.0,81.0,99.0,102.0,168.0,225.0,270.0,219.0,165.0,131.0,135.0,66.0
191,31267,4,2,10.0,6.0,8.0,3.0,2.0,28.0,22.0,74.0,284.0,209.0,72.0,75.0,54.0,88.0,76.0,66.0,106.0,209.0,237.0,153.0,72.0,44.0,31.0,26.0,23.0,19.0,8.0,5.0,3.0,6.0,10.0,57.0,318.0,210.0,55.0,86.0,79.0,78.0,45.0,91.0,115.0,204.0,179.0,117.0,76.0,60.0,46.0,38.0
192,31268,2,2,23.0,26.0,26.0,20.0,5.0,27.0,23.0,134.0,407.0,114.0,44.0,49.0,37.0,46.0,41.0,62.0,72.0,97.0,100.0,107.0,79.0,66.0,43.0,42.0,19.0,7.0,5.0,5.0,2.0,19.0,78.0,92.0,78.0,32.0,44.0,35.0,35.0,33.0,45.0,67.0,112.0,238.0,288.0,230.0,121.0,75.0,58.0,32.0
193,31269,4,2,3.0,5.0,4.0,1.0,0.0,2.0,47.0,83.0,151.0,89.0,55.0,69.0,98.0,114.0,110.0,105.0,74.0,110.0,142.0,99.0,56.0,44.0,32.0,16.0,7.0,5.0,2.0,1.0,1.0,2.0,36.0,58.0,106.0,78.0,78.0,85.0,73.0,95.0,91.0,70.0,57.0,135.0,107.0,88.0,54.0,40.0,34.0,22.0
194,31270,4,2,4.0,8.0,0.0,1.0,0.0,12.0,13.0,47.0,110.0,87.0,49.0,47.0,64.0,86.0,82.0,98.0,115.0,167.0,157.0,136.0,84.0,67.0,47.0,21.0,4.0,4.0,3.0,1.0,2.0,15.0,26.0,65.0,207.0,128.0,54.0,51.0,66.0,69.0,62.0,60.0,104.0,135.0,124.0,72.0,59.0,30.0,38.0,17.0
195,31271,4,2,6.0,1.0,1.0,0.0,0.0,4.0,16.0,45.0,41.0,36.0,54.0,87.0,76.0,93.0,91.0,118.0,134.0,209.0,110.0,94.0,60.0,43.0,43.0,22.0,10.0,6.0,3.0,1.0,2.0,1.0,24.0,76.0,240.0,146.0,87.0,70.0,74.0,74.0,79.0,76.0,95.0,128.0,78.0,66.0,53.0,49.0,42.0,18.0
196,31272,0,2,7.0,2.0,0.0,0.0,0.0,0.0,4.0,20.0,17.0,22.0,23.0,84.0,87.0,94.0,99.0,121.0,193.0,245.0,80.0,46.0,35.0,42.0,29.0,4.0,8.0,2.0,0.0,0.0,0.0,12.0,75.0,174.0,262.0,90.0,84.0,57.0,95.0,112.0,96.0,86.0,87.0,73.0,61.0,45.0,38.0,44.0,22.0,7.0
197,31273,4,1,0.0,1.0,0.0,0.0,0.0,4.0,13.0,21.0,42.0,17.0,11.0,14.0,20.0,25.0,15.0,20.0,17.0,29.0,25.0,42.0,28.0,6.0,7.0,2.0,1.0,0.0,1.0,0.0,0.0,0.0,3.0,22.0,17.0,10.0,11.0,19.0,26.0,26.0,27.0,39.0,31.0,63.0,44.0,22.0,6.0,1.0,4.0,3.0
198,31274,0,2,5.0,0.0,4.0,1.0,1.0,1.0,2.0,12.0,35.0,37.0,27.0,40.0,51.0,38.0,28.0,56.0,51.0,200.0,235.0,87.0,37.0,34.0,30.0,9.0,1.0,0.0,1.0,1.0,0.0,1.0,22.0,75.0,256.0,97.0,49.0,31.0,63.0,59.0,47.0,39.0,43.0,77.0,61.0,48.0,24.0,15.0,27.0,6.0
199,31275,4,2,11.0,4.0,4.0,3.0,4.0,1.0,15.0,71.0,116.0,136.0,82.0,50.0,45.0,57.0,58.0,56.0,88.0,150.0,179.0,122.0,52.0,48.0,33.0,30.0,12.0,14.0,2.0,3.0,1.0,34.0,123.0,111.0,168.0,109.0,58.0,55.0,55.0,68.0,85.0,54.0,68.0,128.0,127.0,70.0,38.0,43.0,40.0,23.0
200,31276,0,2,6.0,4.0,3.0,4.0,1.0,29.0,11.0,37.0,31.0,40.0,30.0,42.0,81.0,93.0,64.0,95.0,154.0,232.0,90.0,38.0,25.0,12.0,10.0,15.0,13.0,3.0,1.0,6.0,24.0,6.0,38.0,130.0,279.0,97.0,45.0,29.0,55.0,55.0,42.0,37.0,62.0,46.0,67.0,25.0,16.0,9.0,10.0,8.0
201,31277,0,2,12.0,4.0,1.0,0.0,1.0,2.0,7.0,45.0,30.0,59.0,36.0,61.0,119.0,106.0,131.0,117.0,270.0,316.0,146.0,83.0,39.0,47.0,27.0,13.0,15.0,3.0,1.0,0.0,0.0,3.0,59.0,290.0,297.0,136.0,69.0,113.0,109.0,106.0,113.0,108.0,80.0,75.0,70.0,60.0,25.0,24.0,22.0,12.0
202,31278,2,2,13.0,11.0,10.0,2.0,3.0,26.0,91.0,108.0,239.0,86.0,49.0,57.0,103.0,87.0,79.0,69.0,79.0,127.0,214.0,156.0,84.0,65.0,50.0,23.0,21.0,14.0,15.0,5.0,2.0,1.0,30.0,52.0,95.0,56.0,56.0,68.0,65.0,86.0,81.0,98.0,128.0,197.0,203.0,171.0,135.0,78.0,89.0,49.0
203,31279,0,2,3.0,1.0,0.0,0.0,0.0,0.0,2.0,11.0,48.0,39.0,21.0,39.0,71.0,69.0,47.0,56.0,181.0,304.0,49.0,17.0,27.0,17.0,11.0,8.0,1.0,1.0,1.0,0.0,0.0,1.0,22.0,123.0,261.0,136.0,31.0,22.0,41.0,44.0,46.0,33.0,58.0,92.0,26.0,5.0,12.0,13.0,5.0,6.0
204,31280,2,0,12.0,8.0,5.0,5.0,13.0,14.0,71.0,90.0,224.0,63.0,31.0,38.0,27.0,51.0,27.0,35.0,41.0,53.0,51.0,41.0,43.0,20.0,26.0,16.0,12.0,7.0,4.0,1.0,1.0,2.0,13.0,29.0,30.0,18.0,26.0,30.0,27.0,57.0,32.0,42.0,81.0,121.0,158.0,112.0,76.0,56.0,30.0,14.0
205,31281,2,2,31.0,16.0,13.0,5.0,3.0,8.0,66.0,246.0,153.0,90.0,75.0,88.0,87.0,96.0,122.0,120.0,136.0,223.0,202.0,229.0,196.0,128.0,82.0,84.0,37.0,19.0,16.0,6.0,21.0,17.0,46.0,54.0,98.0,79.0,83.0,87.0,90.0,134.0,127.0,124.0,205.0,344.0,304.0,239.0,195.0,136.0,79.0,67.0
206,31282,3,2,15.0,7.0,4.0,1.0,2.0,7.0,65.0,94.0,233.0,41.0,40.0,48.0,49.0,42.0,37.0,29.0,56.0,55.0,62.0,66.0,46.0,31.0,20.0,6.0,13.0,3.0,2.0,1.0,2.0,1.0,24.0,28.0,33.0,22.0,25.0,28.0,41.0,36.0,51.0,46.0,88.0,222.0,169.0,85.0,62.0,60.0,49.0,24.0
207,31283,4,2,5.0,10.0,6.0,3.0,3.0,2.0,33.0,43.0,86.0,82.0,59.0,69.0,91.0,51.0,51.0,61.0,154.0,167.0,113.0,52.0,30.0,37.0,27.0,13.0,8.0,0.0,5.0,1.0,4.0,12.0,39.0,118.0,225.0,118.0,49.0,65.0,54.0,36.0,42.0,63.0,68.0,97.0,85.0,34.0,39.0,32.0,24.0,14.0
208,31284,0,2,3.0,0.0,0.0,0.0,0.0,0.0,5.0,12.0,9.0,10.0,13.0,14.0,19.0,33.0,18.0,61.0,115.0,113.0,60.0,33.0,18.0,17.0,8.0,0.0,5.0,0.0,1.0,0.0,0.0,7.0,22.0,156.0,116.0,71.0,14.0,21.0,24.0,6.0,10.0,18.0,22.0,31.0,24.0,11.0,9.0,13.0,8.0,0.0
209,31285,2,2,12.0,3.0,4.0,0.0,2.0,22.0,88.0,102.0,125.0,42.0,50.0,54.0,50.0,30.0,46.0,53.0,55.0,102.0,113.0,109.0,66.0,59.0,44.0,7.0,16.0,6.0,8.0,0.0,0.0,3.0,23.0,40.0,91.0,68.0,35.0,61.0,59.0,49.0,64.0,69.0,127.0,176.0,161.0,90.0,75.0,64.0,51.0,30.0
210,31286,2,0,20.0,13.0,2.0,3.0,2.0,29.0,86.0,179.0,157.0,41.0,52.0,54.0,60.0,39.0,60.0,62.0,75.0,93.0,141.0,123.0,82.0,68.0,33.0,22.0,21.0,7.0,7.0,6.0,0.0,11.0,13.0,49.0,66.0,40.0,39.0,45.0,35.0,69.0,59.0,62.0,79.0,154.0,259.0,142.0,118.0,68.0,62.0,73.0
211,31287,0,2,0.0,0.0,0.0,0.0,0.0,0.0,5.0,10.0,8.0,16.0,9.0,29.0,31.0,32.0,29.0,46.0,95.0,83.0,38.0,13.0,19.0,6.0,2.0,4.0,0.0,0.0,0.0,0.0,0.0,1.0,6.0,43.0,111.0,49.0,14.0,18.0,36.0,30.0,17.0,21.0,27.0,32.0,8.0,11.0,17.0,8.0,2.0,0.0
212,31288,4,2,9.0,5.0,2.0,2.0,1.0,5.0,16.0,51.0,38.0,50.0,69.0,84.0,121.0,142.0,169.0,178.0,238.0,239.0,147.0,125.0,85.0,51.0,44.0,13.0,5.0,3.0,2.0,2.0,1.0,4.0,38.0,47.0,86.0,100.0,139.0,164.0,152.0,154.0,157.0,145.0,144.0,134.0,144.0,102.0,51.0,58.0,33.0,15.0
213,31289,4,2,16.0,9.0,3.0,1.0,4.0,0.0,24.0,23.0,27.0,44.0,87.0,93.0,97.0,111.0,100.0,114.0,132.0,136.0,165.0,176.0,176.0,92.0,67.0,28.0,10.0,8.0,4.0,2.0,0.0,4.0,29.0,12.0,34.0,70.0,101.0,120.0,138.0,105.0,100.0,152.0,101.0,152.0,195.0,139.0,149.0,62.0,74.0,27.0
214,31290,4,2,2.0,2.0,1.0,0.0,0.0,0.0,2.0,35.0,35.0,48.0,53.0,60.0,90.0,88.0,76.0,82.0,93.0,141.0,104.0,118.0,89.0,64.0,54.0,11.0,7.0,1.0,1.0,0.0,0.0,1.0,7.0,65.0,35.0,52.0,59.0,96.0,128.0,94.0,97.0,105.0,72.0,175.0,158.0,106.0,54.0,74.0,50.0,20.0
215,31291,0,2,7.0,6.0,7.0,10.0,23.0,9.0,27.0,14.0,54.0,43.0,40.0,46.0,63.0,49.0,47.0,66.0,158.0,316.0,111.0,77.0,38.0,26.0,19.0,14.0,3.0,6.0,1.0,1.0,2.0,53.0,86.0,222.0,239.0,82.0,56.0,33.0,71.0,43.0,46.0,61.0,62.0,79.0,68.0,59.0,42.0,13.0,30.0,23.0
216,31292,0,2,2.0,3.0,0.0,0.0,0.0,2.0,2.0,6.0,9.0,9.0,3.0,23.0,35.0,16.0,33.0,47.0,91.0,120.0,70.0,32.0,22.0,13.0,6.0,3.0,0.0,2.0,0.0,0.0,0.0,4.0,23.0,64.0,154.0,63.0,23.0,20.0,21.0,23.0,20.0,27.0,12.0,20.0,50.0,17.0,16.0,13.0,14.0,4.0
217,31293,4,2,12.0,3.0,0.0,0.0,0.0,1.0,4.0,11.0,12.0,14.0,18.0,12.0,21.0,18.0,25.0,42.0,51.0,79.0,83.0,63.0,47.0,34.0,32.0,10.0,4.0,4.0,1.0,0.0,0.0,11.0,12.0,77.0,160.0,95.0,39.0,33.0,47.0,35.0,43.0,48.0,63.0,73.0,84.0,75.0,30.0,23.0,9.0,7.0
218,31294,4,2,1.0,1.0,0.0,0.0,0.0,1.0,14.0,35.0,54.0,31.0,16.0,20.0,32.0,21.0,23.0,41.0,106.0,127.0,65.0,34.0,17.0,5.0,11.0,10.0,3.0,3.0,4.0,1.0,0.0,3.0,30.0,87.0,82.0,62.0,28.0,21.0,33.0,44.0,21.0,34.0,55.0,65.0,24.0,38.0,29.0,32.0,26.0,14.0
219,31295,4,2,16.0,11.0,2.0,2.0,0.0,0.0,6.0,16.0,51.0,47.0,19.0,37.0,65.0,61.0,73.0,75.0,76.0,120.0,119.0,97.0,70.0,39.0,29.0,10.0,3.0,4.0,1.0,0.0,0.0,3.0,8.0,62.0,109.0,77.0,62.0,79.0,90.0,72.0,61.0,78.0,82.0,118.0,128.0,86.0,60.0,28.0,18.0,7.0
220,31296,2,2,13.0,12.0,9.0,2.0,15.0,43.0,54.0,119.0,159.0,76.0,55.0,59.0,54.0,75.0,56.0,67.0,62.0,110.0,111.0,102.0,92.0,45.0,44.0,28.0,15.0,4.0,6.0,0.0,1.0,6.0,8.0,25.0,42.0,38.0,19.0,34.0,58.0,57.0,45.0,47.0,62.0,146.0,144.0,131.0,87.0,64.0,48.0,35.0
221,31297,4,1,2.0,2.0,0.0,0.0,2.0,3.0,9.0,35.0,32.0,32.0,18.0,29.0,27.0,30.0,22.0,34.0,34.0,52.0,69.0,56.0,24.0,20.0,26.0,30.0,3.0,2.0,0.0,0.0,1.0,4.0,31.0,23.0,47.0,105.0,13.0,34.0,48.0,43.0,54.0,30.0,51.0,68.0,37.0,28.0,17.0,13.0,12.0,10.0
222,31298,4,2,2.0,2.0,0.0,1.0,3.0,2.0,20.0,53.0,193.0,226.0,70.0,69.0,102.0,71.0,70.0,84.0,110.0,173.0,154.0,69.0,39.0,36.0,21.0,13.0,7.0,2.0,2.0,2.0,0.0,10.0,17.0,159.0,279.0,197.0,77.0,51.0,64.0,86.0,62.0,58.0,70.0,114.0,123.0,68.0,41.0,40.0,40.0,19.0
223,31299,4,2,13.0,1.0,4.0,3.0,0.0,1.0,27.0,58.0,153.0,143.0,52.0,77.0,87.0,63.0,60.0,66.0,69.0,135.0,133.0,73.0,63.0,56.0,34.0,11.0,10.0,4.0,3.0,1.0,0.0,4.0,30.0,55.0,115.0,88.0,58.0,71.0,67.0,62.0,67.0,78.0,97.0,142.0,154.0,106.0,88.0,45.0,41.0,27.0
224,31300,4,1,3.0,0.0,0.0,0.0,0.0,2.0,25.0,15.0,28.0,27.0,33.0,25.0,21.0,15.0,12.0,16.0,29.0,53.0,56.0,36.0,21.0,11.0,6.0,4.0,0.0,0.0,0.0,0.0,12.0,2.0,4.0,34.0,60.0,48.0,15.0,19.0,15.0,36.0,18.0,13.0,34.0,47.0,32.0,24.0,12.0,15.0,18.0,4.0
225,31301,4,1,1.0,0.0,0.0,0.0,0.0,0.0,0.0,10.0,20.0,20.0,6.0,12.0,8.0,9.0,14.0,12.0,28.0,20.0,17.0,15.0,12.0,2.0,5.0,2.0,4.0,1.0,0.0,0.0,0.0,1.0,2.0,7.0,12.0,22.0,9.0,8.0,12.0,7.0,8.0,8.0,7.0,12.0,5.0,3.0,10.0,4.0,1.0,5.0
226,31302,2,0,3.0,3.0,0.0,0.0,1.0,19.0,33.0,87.0,80.0,33.0,26.0,35.0,20.0,29.0,18.0,51.0,45.0,54.0,45.0,34.0,35.0,23.0,11.0,1.0,7.0,1.0,0.0,4.0,8.0,4.0,2.0,7.0,8.0,9.0,7.0,17.0,13.0,17.0,11.0,14.0,29.0,35.0,61.0,47.0,33.0,11.0,14.0,6.0
227,31303,4,1,0.0,0.0,0.0,0.0,0.0,0.0,1.0,39.0,38.0,30.0,18.0,19.0,39.0,27.0,32.0,24.0,37.0,70.0,62.0,36.0,29.0,25.0,9.0,10.0,0.0,0.0,0.0,0.0,1.0,16.0,16.0,9.0,34.0,17.0,26.0,25.0,16.0,16.0,14.0,16.0,20.0,26.0,23.0,14.0,8.0,6.0,4.0,0.0
228,31304,2,2,0.0,1.0,1.0,0.0,0.0,0.0,7.0,28.0,78.0,51.0,19.0,16.0,29.0,17.0,17.0,20.0,25.0,26.0,25.0,15.0,15.0,10.0,6.0,2.0,3.0,2.0,1.0,0.0,0.0,0.0,3.0,5.0,12.0,10.0,8.0,12.0,6.0,11.0,11.0,9.0,7.0,33.0,41.0,38.0,13.0,13.0,9.0,5.0
229,31305,4,1,1.0,1.0,1.0,0.0,14.0,19.0,18.0,25.0,52.0,20.0,31.0,28.0,20.0,35.0,18.0,32.0,29.0,41.0,36.0,24.0,22.0,25.0,27.0,10.0,6.0,2.0,2.0,1.0,0.0,2.0,20.0,13.0,19.0,27.0,12.0,31.0,31.0,29.0,14.0,22.0,35.0,54.0,40.0,37.0,32.0,19.0,18.0,18.0
230,31306,2,0,1.0,0.0,1.0,1.0,1.0,16.0,41.0,99.0,109.0,30.0,15.0,28.0,35.0,15.0,12.0,33.0,23.0,20.0,32.0,24.0,12.0,4.0,4.0,3.0,7.0,3.0,1.0,0.0,1.0,1.0,0.0,0.0,1.0,3.0,4.0,5.0,2.0,4.0,8.0,13.0,21.0,16.0,25.0,31.0,27.0,20.0,13.0,7.0
231,31307,4,1,1.0,0.0,1.0,0.0,2.0,10.0,39.0,34.0,50.0,45.0,64.0,45.0,54.0,29.0,30.0,28.0,31.0,39.0,51.0,25.0,20.0,13.0,16.0,3.0,4.0,3.0,1.0,0.0,1.0,0.0,28.0,9.0,31.0,32.0,34.0,18.0,21.0,33.0,15.0,25.0,20.0,21.0,31.0,32.0,27.0,22.0,13.0,5.0
232,31308,2,1,6.0,0.0,0.0,0.0,0.0,10.0,4.0,14.0,37.0,18.0,19.0,16.0,15.0,11.0,10.0,14.0,35.0,29.0,32.0,16.0,14.0,11.0,4.0,1.0,0.0,0.0,0.0,0.0,1.0,0.0,2.0,5.0,14.0,8.0,8.0,8.0,10.0,11.0,13.0,14.0,19.0,23.0,40.0,19.0,8.0,5.0,4.0,0.0
233,31309,2,0,0.0,1.0,0.0,0.0,0.0,0.0,10.0,16.0,20.0,1.0,3.0,3.0,6.0,3.0,3.0,10.0,9.0,10.0,10.0,15.0,4.0,1.0,0.0,0.0,0.0,1.0,0.0,0.0,0.0,0.0,3.0,5.0,1.0,2.0,6.0,5.0,2.0,2.0,6.0,8.0,9.0,12.0,26.0,15.0,3.0,1.0,5.0,0.0
234,31310,2,0,1.0,1.0,0.0,0.0,0.0,4.0,8.0,42.0,82.0,58.0,27.0,22.0,26.0,17.0,15.0,11.0,33.0,14.0,30.0,12.0,13.0,16.0,12.0,1.0,2.0,1.0,0.0,1.0,0.0,0.0,1.0,12.0,14.0,20.0,8.0,15.0,18.0,10.0,15.0,12.0,13.0,26.0,33.0,30.0,32.0,15.0,11.0,7.0
235,31312,4,2,5.0,3.0,1.0,0.0,1.0,13.0,28.0,25.0,55.0,35.0,21.0,40.0,29.0,29.0,46.0,36.0,45.0,76.0,80.0,56.0,31.0,45.0,34.0,13.0,9.0,1.0,2.0,4.0,1.0,0.0,0.0,7.0,21.0,31.0,30.0,47.0,49.0,46.0,57.0,57.0,62.0,118.0,93.0,59.0,30.0,26.0,12.0,6.0
236,31313,2,0,1.0,0.0,0.0,0.0,4.0,2.0,17.0,19.0,15.0,11.0,14.0,14.0,10.0,11.0,12.0,11.0,14.0,17.0,19.0,17.0,8.0,5.0,2.0,1.0,4.0,0.0,0.0,0.0,0.0,0.0,1.0,8.0,12.0,12.0,7.0,7.0,8.0,10.0,9.0,4.0,14.0,15.0,24.0,24.0,13.0,5.0,4.0,2.0
237,31314,4,1,3.0,1.0,1.0,0.0,1.0,4.0,8.0,49.0,38.0,35.0,28.0,28.0,46.0,31.0,36.0,34.0,69.0,92.0,70.0,63.0,34.0,6.0,5.0,7.0,4.0,0.0,0.0,0.0,0.0,112.0,14.0,93.0,103.0,111.0,47.0,61.0,57.0,47.0,48.0,63.0,53.0,109.0,84.0,54.0,31.0,9.0,6.0,1.0
238,31315,2,0,0.0,0.0,0.0,0.0,0.0,1.0,5.0,8.0,30.0,20.0,10.0,13.0,7.0,5.0,6.0,5.0,7.0,4.0,10.0,10.0,3.0,6.0,1.0,0.0,1.0,1.0,0.0,0.0,0.0,0.0,2.0,3.0,1.0,5.0,4.0,5.0,5.0,2.0,6.0,5.0,16.0,22.0,28.0,17.0,13.0,16.0,3.0,1.0
239,31316,2,1,1.0,1.0,0.0,0.0,0.0,0.0,4.0,37.0,6.0,5.0,3.0,9.0,8.0,5.0,2.0,8.0,14.0,14.0,19.0,10.0,3.0,7.0,3.0,1.0,0.0,0.0,0.0,0.0,0.0,0.0,0.0,5.0,1.0,3.0,0.0,2.0,5.0,1.0,1.0,0.0,1.0,1.0,4.0,7.0,2.0,4.0,2.0,0.0
240,31317,4,1,1.0,1.0,0.0,0.0,0.0,1.0,4.0,15.0,25.0,6.0,5.0,7.0,5.0,9.0,15.0,7.0,19.0,16.0,15.0,26.0,10.0,6.0,3.0,0.0,2.0,0.0,0.0,0.0,0.0,1.0,6.0,5.0,10.0,4.0,5.0,8.0,10.0,9.0,5.0,8.0,9.0,10.0,16.0,12.0,6.0,2.0,1.0,0.0
241,31318,2,1,0.0,0.0,0.0,0.0,0.0,0.0,13.0,15.0,30.0,23.0,14.0,11.0,12.0,13.0,5.0,5.0,11.0,13.0,14.0,6.0,14.0,7.0,6.0,2.0,1.0,0.0,0.0,0.0,0.0,0.0,1.0,1.0,14.0,10.0,10.0,15.0,15.0,19.0,8.0,15.0,29.0,22.0,17.0,10.0,7.0,2.0,2.0,1.0
242,31319,4,1,0.0,1.0,0.0,1.0,0.0,0.0,2.0,7.0,15.0,12.0,18.0,9.0,19.0,10.0,12.0,10.0,15.0,14.0,28.0,33.0,12.0,3.0,4.0,2.0,1.0,0.0,0.0,0.0,0.0,0.0,4.0,2.0,5.0,7.0,4.0,6.0,7.0,1.0,6.0,6.0,6.0,5.0,11.0,10.0,7.0,4.0,0.0,0.0
243,31320,4,1,0.0,0.0,0.0,1.0,1.0,0.0,0.0,7.0,15.0,8.0,6.0,7.0,1.0,7.0,4.0,7.0,10.0,12.0,4.0,7.0,6.0,3.0,2.0,1.0,2.0,0.0,0.0,0.0,0.0,0.0,0.0,7.0,7.0,8.0,4.0,7.0,3.0,10.0,5.0,12.0,2.0,5.0,23.0,9.0,4.0,7.0,4.0,4.0
244,31321,4,2,7.0,2.0,5.0,1.0,1.0,1.0,4.0,8.0,25.0,35.0,48.0,38.0,81.0,81.0,80.0,102.0,162.0,187.0,103.0,74.0,83.0,52.0,47.0,18.0,10.0,8.0,0.0,2.0,0.0,3.0,10.0,23.0,121.0,111.0,73.0,73.0,83.0,66.0,80.0,82.0,105.0,132.0,108.0,76.0,50.0,59.0,46.0,19.0
245,31400,2,2,5.0,8.0,2.0,4.0,3.0,44.0,54.0,118.0,95.0,68.0,28.0,29.0,44.0,45.0,31.0,62.0,47.0,59.0,117.0,81.0,64.0,38.0,35.0,18.0,13.0,11.0,6.0,6.0,0.0,7.0,10.0,15.0,38.0,29.0,34.0,27.0,27.0,32.0,29.0,62.0,53.0,108.0,120.0,113.0,59.0,46.0,41.0,34.0
246,31401,2,2,10.0,7.0,4.0,1.0,4.0,31.0,89.0,136.0,91.0,40.0,33.0,44.0,39.0,44.0,38.0,50.0,54.0,72.0,61.0,65.0,50.0,53.0,40.0,23.0,22.0,18.0,7.0,2.0,1.0,1.0,4.0,11.0,21.0,11.0,23.0,27.0,33.0,30.0,28.0,55.0,55.0,98.0,126.0,93.0,84.0,54.0,51.0,36.0
247,31402,2,0,0.0,0.0,0.0,1.0,0.0,0.0,1.0,13.0,27.0,15.0,7.0,18.0,14.0,5.0,8.0,16.0,8.0,15.0,5.0,12.0,6.0,7.0,3.0,0.0,5.0,1.0,2.0,0.0,1.0,0.0,0.0,2.0,5.0,1.0,9.0,6.0,8.0,4.0,5.0,17.0,10.0,12.0,11.0,12.0,15.0,6.0,14.0,5.0
248,31403,2,0,0.0,0.0,0.0,0.0,0.0,1.0,9.0,20.0,14.0,13.0,9.0,6.0,11.0,4.0,8.0,12.0,10.0,12.0,11.0,6.0,3.0,2.0,0.0,1.0,0.0,0.0,0.0,0.0,0.0,1.0,0.0,6.0,7.0,2.0,7.0,8.0,7.0,4.0,7.0,3.0,11.0,35.0,18.0,17.0,5.0,5.0,5.0,1.0
249,31404,2,0,6.0,1.0,0.0,1.0,11.0,10.0,26.0,111.0,104.0,29.0,29.0,32.0,23.0,20.0,23.0,17.0,12.0,30.0,38.0,31.0,24.0,21.0,19.0,2.0,11.0,4.0,4.0,0.0,0.0,1.0,5.0,20.0,22.0,15.0,12.0,13.0,19.0,16.0,16.0,22.0,20.0,64.0,94.0,60.0,35.0,28.0,8.0,11.0
250,31405,3,0,2.0,0.0,0.0,0.0,0.0,0.0,32.0,26.0,79.0,36.0,12.0,4.0,6.0,6.0,7.0,10.0,8.0,12.0,16.0,6.0,3.0,7.0,6.0,1.0,2.0,1.0,0.0,0.0,0.0,0.0,2.0,3.0,5.0,0.0,4.0,3.0,19.0,12.0,5.0,5.0,12.0,20.0,41.0,33.0,16.0,11.0,11.0,4.0
251,31406,2,0,2.0,1.0,1.0,0.0,0.0,1.0,23.0,45.0,111.0,50.0,42.0,18.0,40.0,20.0,32.0,20.0,14.0,15.0,21.0,17.0,15.0,35.0,8.0,7.0,20.0,9.0,1.0,1.0,1.0,0.0,1.0,5.0,4.0,4.0,9.0,19.0,21.0,17.0,17.0,17.0,19.0,37.0,72.0,48.0,41.0,48.0,21.0,20.0
252,31407,2,1,3.0,0.0,0.0,0.0,0.0,11.0,9.0,20.0,40.0,15.0,11.0,20.0,10.0,20.0,16.0,17.0,27.0,34.0,21.0,26.0,17.0,5.0,7.0,0.0,1.0,0.0,0.0,1.0,0.0,1.0,2.0,7.0,17.0,9.0,4.0,6.0,10.0,8.0,10.0,14.0,8.0,24.0,28.0,21.0,10.0,12.0,3.0,1.0
253,31408,0,2,3.0,1.0,0.0,0.0,0.0,24.0,3.0,9.0,38.0,25.0,9.0,9.0,19.0,13.0,8.0,13.0,29.0,69.0,73.0,41.0,22.0,17.0,5.0,6.0,0.0,0.0,0.0,0.0,0.0,9.0,25.0,48.0,68.0,24.0,3.0,8.0,8.0,4.0,3.0,8.0,6.0,5.0,14.0,13.0,4.0,8.0,4.0,0.0
254,31411,4,1,3.0,3.0,0.0,0.0,0.0,3.0,5.0,14.0,21.0,4.0,6.0,7.0,6.0,8.0,8.0,7.0,8.0,16.0,6.0,8.0,6.0,5.0,5.0,0.0,1.0,0.0,0.0,0.0,0.0,7.0,7.0,5.0,22.0,3.0,5.0,4.0,7.0,5.0,3.0,5.0,7.0,2.0,10.0,8.0,2.0,3.0,2.0,1.0
255,31412,2,0,2.0,0.0,0.0,0.0,0.0,3.0,15.0,20.0,10.0,4.0,5.0,3.0,1.0,1.0,3.0,10.0,4.0,4.0,5.0,5.0,2.0,3.0,0.0,1.0,2.0,0.0,0.0,0.0,0.0,1.0,12.0,2.0,1.0,4.0,1.0,2.0,0.0,2.0,2.0,6.0,12.0,25.0,22.0,17.0,17.0,9.0,2.0,4.0
256,31413,2,0,1.0,0.0,0.0,0.0,0.0,2.0,4.0,8.0,22.0,15.0,6.0,4.0,3.0,5.0,2.0,1.0,6.0,12.0,11.0,10.0,0.0,9.0,1.0,0.0,0.0,1.0,0.0,0.0,0.0,1.0,7.0,3.0,4.0,9.0,2.0,2.0,4.0,4.0,3.0,4.0,6.0,21.0,10.0,20.0,2.0,2.0,0.0,1.0
257,31414,2,1,0.0,0.0,0.0,0.0,0.0,0.0,3.0,4.0,11.0,11.0,11.0,3.0,4.0,5.0,9.0,7.0,9.0,3.0,5.0,2.0,2.0,3.0,0.0,1.0,1.0,1.0,0.0,7.0,0.0,0.0,0.0,0.0,3.0,1.0,2.0,3.0,2.0,1.0,5.0,2.0,3.0,3.0,16.0,6.0,7.0,1.0,4.0,3.0
258,31415,2,1,0.0,1.0,0.0,0.0,1.0,1.0,3.0,9.0,15.0,9.0,12.0,8.0,8.0,7.0,1.0,4.0,1.0,4.0,10.0,7.0,1.0,1.0,1.0,0.0,1.0,0.0,0.0,0.0,0.0,0.0,5.0,3.0,3.0,1.0,0.0,3.0,4.0,4.0,6.0,6.0,1.0,4.0,12.0,5.0,3.0,3.0,2.0,1.0
259,31500,2,2,2.0,1.0,1.0,0.0,0.0,6.0,35.0,98.0,91.0,45.0,16.0,22.0,20.0,15.0,13.0,12.0,28.0,41.0,23.0,17.0,18.0,4.0,2.0,2.0,2.0,2.0,0.0,2.0,1.0,0.0,3.0,3.0,34.0,9.0,7.0,12.0,10.0,21.0,24.0,36.0,40.0,78.0,78.0,42.0,31.0,17.0,14.0,3.0
260,31501,2,0,2.0,0.0,0.0,0.0,0.0,0.0,14.0,28.0,40.0,12.0,7.0,13.0,3.0,6.0,4.0,6.0,8.0,14.0,15.0,9.0,11.0,5.0,2.0,1.0,1.0,0.0,0.0,0.0,0.0,0.0,6.0,0.0,2.0,2.0,6.0,6.0,12.0,8.0,4.0,8.0,4.0,25.0,11.0,18.0,11.0,7.0,4.0,1.0
261,31502,4,2,0.0,0.0,0.0,0.0,0.0,0.0,4.0,9.0,51.0,44.0,7.0,11.0,19.0,13.0,11.0,16.0,13.0,47.0,29.0,22.0,8.0,4.0,1.0,1.0,0.0,0.0,0.0,0.0,0.0,0.0,4.0,9.0,53.0,30.0,12.0,6.0,8.0,8.0,4.0,10.0,9.0,41.0,33.0,25.0,13.0,1.0,2.0,0.0
262,31503,2,2,15.0,5.0,8.0,5.0,6.0,15.0,89.0,157.0,113.0,79.0,67.0,52.0,56.0,57.0,53.0,39.0,69.0,102.0,77.0,71.0,45.0,42.0,31.0,21.0,18.0,18.0,8.0,4.0,0.0,0.0,12.0,14.0,47.0,33.0,36.0,40.0,44.0,45.0,56.0,57.0,88.0,150.0,127.0,151.0,106.0,75.0,47.0,38.0
263,31504,3,0,0.0,0.0,0.0,0.0,0.0,1.0,4.0,17.0,81.0,29.0,10.0,10.0,7.0,14.0,11.0,9.0,18.0,16.0,18.0,8.0,5.0,2.0,2.0,1.0,1.0,0.0,0.0,0.0,0.0,0.0,1.0,4.0,16.0,1.0,16.0,9.0,5.0,20.0,7.0,9.0,20.0,41.0,40.0,26.0,9.0,1.0,1.0,1.0
264,31505,2,2,3.0,1.0,0.0,2.0,8.0,32.0,56.0,68.0,127.0,91.0,42.0,39.0,42.0,50.0,55.0,38.0,70.0,78.0,77.0,70.0,37.0,30.0,7.0,9.0,12.0,15.0,4.0,11.0,2.0,3.0,19.0,46.0,44.0,40.0,24.0,31.0,34.0,32.0,40.0,44.0,61.0,105.0,116.0,88.0,80.0,63.0,41.0,35.0
265,31506,2,0,22.0,8.0,8.0,12.0,0.0,28.0,37.0,132.0,136.0,33.0,64.0,57.0,62.0,55.0,62.0,50.0,63.0,84.0,93.0,64.0,63.0,35.0,47.0,31.0,23.0,8.0,13.0,6.0,4.0,0.0,22.0,12.0,23.0,26.0,36.0,47.0,59.0,61.0,58.0,66.0,118.0,163.0,185.0,107.0,75.0,70.0,76.0,49.0
266,31507,4,2,1.0,0.0,0.0,1.0,3.0,1.0,3.0,33.0,27.0,14.0,5.0,16.0,9.0,14.0,15.0,48.0,48.0,35.0,25.0,19.0,16.0,7.0,11.0,4.0,1.0,0.0,0.0,0.0,0.0,4.0,67.0,52.0,10.0,15.0,12.0,4.0,10.0,8.0,9.0,12.0,8.0,11.0,22.0,5.0,5.0,5.0,0.0,1.0
267,31508,2,0,0.0,1.0,1.0,2.0,1.0,5.0,20.0,29.0,63.0,48.0,44.0,31.0,20.0,20.0,22.0,22.0,22.0,19.0,15.0,21.0,11.0,5.0,7.0,2.0,8.0,7.0,4.0,4.0,0.0,1.0,11.0,6.0,20.0,12.0,16.0,7.0,13.0,21.0,11.0,11.0,20.0,54.0,52.0,57.0,35.0,32.0,26.0,22.0
268,31509,2,0,6.0,3.0,2.0,7.0,1.0,25.0,96.0,107.0,117.0,57.0,34.0,32.0,35.0,39.0,43.0,46.0,38.0,56.0,64.0,67.0,42.0,33.0,25.0,19.0,16.0,10.0,9.0,4.0,0.0,0.0,14.0,32.0,44.0,18.0,17.0,32.0,54.0,41.0,46.0,48.0,54.0,91.0,158.0,130.0,85.0,72.0,44.0,25.0
269,31510,2,0,0.0,0.0,0.0,0.0,0.0,1.0,6.0,18.0,19.0,10.0,13.0,6.0,3.0,2.0,2.0,8.0,10.0,9.0,5.0,4.0,7.0,1.0,0.0,0.0,6.0,3.0,2.0,0.0,1.0,0.0,0.0,1.0,2.0,4.0,1.0,2.0,0.0,6.0,7.0,8.0,5.0,10.0,17.0,9.0,5.0,2.0,3.0,6.0
270,31511,3,0,0.0,0.0,0.0,0.0,2.0,6.0,26.0,42.0,85.0,37.0,18.0,15.0,5.0,11.0,4.0,14.0,11.0,12.0,14.0,3.0,9.0,6.0,0.0,3.0,0.0,0.0,0.0,0.0,0.0,0.0,0.0,7.0,2.0,7.0,6.0,11.0,7.0,12.0,3.0,9.0,18.0,36.0,50.0,46.0,19.0,13.0,8.0,2.0
271,31512,3,2,5.0,1.0,0.0,0.0,0.0,4.0,30.0,86.0,141.0,42.0,26.0,16.0,23.0,28.0,14.0,21.0,20.0,26.0,27.0,29.0,12.0,10.0,9.0,2.0,5.0,5.0,4.0,1.0,1.0,0.0,5.0,7.0,4.0,9.0,6.0,13.0,14.0,20.0,20.0,18.0,40.0,80.0,78.0,58.0,26.0,29.0,22.0,15.0
272,31513,3,0,0.0,0.0,0.0,0.0,0.0,16.0,43.0,60.0,132.0,54.0,30.0,45.0,19.0,15.0,13.0,16.0,10.0,28.0,28.0,19.0,10.0,7.0,3.0,3.0,7.0,0.0,1.0,0.0,0.0,2.0,1.0,7.0,6.0,3.0,1.0,2.0,5.0,8.0,7.0,8.0,15.0,35.0,32.0,30.0,24.0,14.0,18.0,6.0
273,31514,3,0,1.0,0.0,0.0,0.0,0.0,0.0,30.0,45.0,68.0,12.0,11.0,13.0,2.0,5.0,6.0,11.0,8.0,6.0,22.0,5.0,7.0,5.0,6.0,3.0,6.0,2.0,0.0,0.0,1.0,0.0,0.0,0.0,3.0,1.0,2.0,0.0,5.0,6.0,9.0,14.0,32.0,54.0,41.0,38.0,16.0,10.0,5.0,6.0
274,31515,4,1,3.0,0.0,0.0,0.0,0.0,3.0,16.0,17.0,17.0,6.0,4.0,4.0,3.0,3.0,4.0,11.0,23.0,37.0,39.0,26.0,20.0,10.0,4.0,4.0,1.0,1.0,0.0,0.0,0.0,4.0,11.0,22.0,13.0,6.0,5.0,4.0,5.0,3.0,2.0,19.0,14.0,20.0,13.0,13.0,3.0,30.0,3.0,1.0
275,31516,2,0,1.0,1.0,1.0,0.0,0.0,0.0,29.0,57.0,47.0,36.0,23.0,25.0,16.0,14.0,17.0,21.0,20.0,21.0,20.0,33.0,19.0,4.0,2.0,5.0,2.0,0.0,0.0,0.0,3.0,6.0,34.0,19.0,24.0,18.0,15.0,7.0,11.0,10.0,18.0,19.0,22.0,52.0,43.0,48.0,19.0,20.0,4.0,4.0
276,31517,4,2,5.0,1.0,1.0,0.0,0.0,0.0,0.0,20.0,24.0,29.0,28.0,24.0,49.0,53.0,34.0,60.0,70.0,68.0,53.0,58.0,34.0,30.0,17.0,4.0,2.0,0.0,0.0,2.0,0.0,0.0,5.0,11.0,35.0,34.0,39.0,48.0,60.0,60.0,42.0,57.0,43.0,66.0,70.0,71.0,36.0,9.0,5.0,0.0
277,31518,4,2,6.0,5.0,0.0,0.0,2.0,4.0,17.0,32.0,24.0,19.0,22.0,28.0,24.0,24.0,21.0,24.0,40.0,41.0,35.0,44.0,20.0,17.0,20.0,6.0,1.0,1.0,0.0,2.0,0.0,4.0,21.0,14.0,40.0,18.0,11.0,18.0,22.0,23.0,24.0,23.0,31.0,43.0,54.0,36.0,32.0,13.0,7.0,2.0
278,31519,2,2,3.0,1.0,5.0,1.0,3.0,16.0,42.0,138.0,189.0,37.0,45.0,48.0,44.0,43.0,42.0,51.0,71.0,78.0,82.0,79.0,61.0,37.0,19.0,6.0,14.0,8.0,11.0,4.0,2.0,6.0,44.0,56.0,29.0,17.0,32.0,36.0,34.0,51.0,59.0,67.0,55.0,107.0,135.0,118.0,82.0,58.0,46.0,34.0
279,31520,4,1,0.0,0.0,0.0,0.0,0.0,0.0,0.0,0.0,0.0,1.0,6.0,7.0,8.0,8.0,14.0,8.0,15.0,10.0,1.0,0.0,2.0,0.0,0.0,0.0,0.0,0.0,0.0,0.0,0.0,0.0,0.0,0.0,4.0,6.0,6.0,5.0,11.0,14.0,17.0,12.0,5.0,3.0,0.0,2.0,2.0,0.0,0.0,0.0
280,31522,2,0,0.0,0.0,0.0,0.0,1.0,2.0,9.0,103.0,89.0,42.0,11.0,20.0,28.0,20.0,9.0,20.0,14.0,24.0,20.0,15.0,9.0,7.0,0.0,2.0,3.0,2.0,4.0,4.0,1.0,0.0,2.0,3.0,11.0,2.0,5.0,8.0,15.0,10.0,12.0,13.0,31.0,54.0,37.0,40.0,46.0,22.0,14.0,8.0
281,31523,2,0,3.0,1.0,1.0,0.0,0.0,0.0,34.0,76.0,101.0,34.0,13.0,31.0,31.0,22.0,22.0,17.0,11.0,34.0,24.0,30.0,11.0,8.0,9.0,3.0,11.0,6.0,1.0,2.0,0.0,3.0,2.0,2.0,7.0,2.0,8.0,14.0,10.0,18.0,14.0,13.0,26.0,45.0,58.0,56.0,41.0,32.0,23.0,24.0
282,31600,2,2,15.0,15.0,2.0,2.0,10.0,29.0,143.0,266.0,170.0,133.0,83.0,107.0,147.0,136.0,115.0,104.0,131.0,243.0,281.0,242.0,131.0,89.0,56.0,33.0,43.0,24.0,13.0,4.0,6.0,9.0,41.0,82.0,153.0,110.0,88.0,107.0,150.0,148.0,103.0,120.0,236.0,408.0,308.0,232.0,144.0,114.0,75.0,66.0
283,31601,2,2,0.0,0.0,0.0,0.0,0.0,2.0,20.0,37.0,82.0,40.0,30.0,26.0,22.0,13.0,17.0,14.0,26.0,48.0,52.0,29.0,15.0,12.0,2.0,2.0,4.0,0.0,1.0,1.0,1.0,2.0,0.0,36.0,34.0,8.0,14.0,15.0,12.0,14.0,18.0,18.0,25.0,63.0,77.0,62.0,44.0,21.0,15.0,13.0
284,31602,2,2,17.0,6.0,6.0,3.0,7.0,17.0,78.0,134.0,159.0,55.0,47.0,69.0,72.0,64.0,62.0,56.0,78.0,103.0,139.0,143.0,109.0,71.0,73.0,36.0,31.0,28.0,16.0,3.0,4.0,6.0,25.0,49.0,32.0,27.0,54.0,50.0,43.0,44.0,45.0,51.0,64.0,133.0,155.0,143.0,122.0,71.0,65.0,39.0
285,31603,4,2,15.0,6.0,3.0,2.0,12.0,17.0,82.0,143.0,341.0,216.0,107.0,142.0,152.0,138.0,123.0,142.0,239.0,378.0,314.0,292.0,183.0,116.0,59.0,50.0,26.0,16.0,11.0,4.0,5.0,5.0,55.0,173.0,290.0,215.0,88.0,114.0,129.0,163.0,134.0,134.0,202.0,391.0,374.0,310.0,194.0,134.0,99.0,64.0
286,31604,4,2,4.0,6.0,0.0,2.0,0.0,25.0,41.0,34.0,103.0,73.0,34.0,30.0,42.0,31.0,38.0,57.0,52.0,71.0,77.0,51.0,25.0,17.0,12.0,12.0,11.0,8.0,5.0,3.0,1.0,9.0,40.0,45.0,94.0,45.0,30.0,33.0,44.0,40.0,39.0,39.0,38.0,83.0,67.0,52.0,37.0,31.0,26.0,15.0
287,31605,4,2,1.0,0.0,0.0,0.0,0.0,2.0,18.0,78.0,72.0,51.0,48.0,41.0,31.0,38.0,37.0,21.0,34.0,101.0,130.0,88.0,50.0,16.0,8.0,14.0,4.0,2.0,2.0,1.0,0.0,8.0,48.0,33.0,50.0,79.0,36.0,46.0,28.0,34.0,36.0,36.0,67.0,126.0,99.0,76.0,39.0,19.0,31.0,9.0
288,31606,2,2,5.0,0.0,0.0,0.0,0.0,15.0,18.0,87.0,105.0,55.0,44.0,42.0,43.0,59.0,37.0,42.0,35.0,81.0,99.0,45.0,26.0,11.0,17.0,4.0,7.0,1.0,1.0,1.0,0.0,0.0,11.0,36.0,39.0,21.0,24.0,34.0,53.0,40.0,37.0,49.0,65.0,118.0,104.0,77.0,57.0,27.0,26.0,7.0
289,31607,2,2,2.0,0.0,0.0,0.0,0.0,0.0,3.0,36.0,102.0,45.0,23.0,19.0,20.0,27.0,12.0,23.0,31.0,34.0,32.0,25.0,10.0,10.0,2.0,3.0,2.0,3.0,0.0,1.0,1.0,0.0,1.0,2.0,6.0,9.0,7.0,15.0,17.0,24.0,22.0,32.0,44.0,58.0,61.0,56.0,34.0,23.0,11.0,9.0
290,31608,4,2,9.0,6.0,2.0,1.0,0.0,6.0,28.0,39.0,69.0,21.0,10.0,15.0,17.0,33.0,28.0,21.0,21.0,77.0,75.0,46.0,40.0,28.0,30.0,10.0,4.0,2.0,2.0,1.0,0.0,32.0,8.0,25.0,30.0,30.0,24.0,27.0,29.0,27.0,16.0,35.0,37.0,70.0,81.0,55.0,35.0,25.0,27.0,13.0
291,31609,2,2,15.0,4.0,1.0,0.0,1.0,0.0,12.0,43.0,94.0,55.0,41.0,48.0,56.0,64.0,47.0,83.0,74.0,72.0,88.0,53.0,62.0,54.0,37.0,49.0,14.0,11.0,3.0,2.0,1.0,2.0,4.0,13.0,50.0,31.0,38.0,42.0,65.0,60.0,82.0,76.0,106.0,160.0,150.0,103.0,80.0,56.0,48.0,26.0
292,31610,4,2,6.0,1.0,2.0,2.0,1.0,1.0,20.0,94.0,110.0,66.0,71.0,90.0,83.0,84.0,72.0,69.0,79.0,122.0,105.0,107.0,56.0,38.0,24.0,12.0,5.0,2.0,3.0,1.0,0.0,1.0,29.0,38.0,68.0,61.0,91.0,92.0,99.0,85.0,88.0,63.0,85.0,132.0,125.0,101.0,48.0,32.0,35.0,13.0
293,31611,2,2,15.0,10.0,7.0,2.0,1.0,7.0,52.0,110.0,191.0,113.0,71.0,53.0,60.0,55.0,48.0,38.0,44.0,51.0,61.0,60.0,35.0,54.0,43.0,24.0,10.0,7.0,9.0,2.0,1.0,6.0,10.0,26.0,39.0,27.0,41.0,44.0,44.0,46.0,44.0,61.0,97.0,160.0,208.0,164.0,106.0,73.0,40.0,21.0
294,31612,2,2,0.0,0.0,2.0,0.0,0.0,12.0,49.0,104.0,235.0,96.0,50.0,53.0,43.0,48.0,54.0,48.0,62.0,71.0,76.0,54.0,49.0,17.0,8.0,7.0,9.0,5.0,2.0,3.0,3.0,1.0,6.0,19.0,29.0,46.0,40.0,37.0,22.0,47.0,44.0,43.0,70.0,122.0,150.0,99.0,82.0,63.0,58.0,22.0
295,31613,4,2,13.0,10.0,2.0,3.0,0.0,35.0,35.0,92.0,199.0,151.0,115.0,141.0,179.0,182.0,169.0,132.0,204.0,322.0,339.0,226.0,130.0,122.0,64.0,43.0,12.0,5.0,0.0,0.0,0.0,26.0,49.0,186.0,269.0,165.0,134.0,154.0,166.0,139.0,125.0,143.0,181.0,353.0,321.0,214.0,125.0,72.0,56.0,21.0
296,31614,3,2,7.0,7.0,10.0,4.0,7.0,16.0,46.0,116.0,154.0,66.0,20.0,19.0,20.0,33.0,21.0,11.0,30.0,49.0,41.0,45.0,32.0,28.0,20.0,18.0,15.0,11.0,2.0,3.0,2.0,7.0,6.0,7.0,23.0,20.0,16.0,25.0,26.0,35.0,28.0,33.0,63.0,186.0,161.0,95.0,60.0,43.0,39.0,15.0
297,31615,2,2,14.0,5.0,3.0,0.0,1.0,5.0,53.0,187.0,262.0,90.0,67.0,91.0,96.0,106.0,90.0,106.0,110.0,189.0,174.0,149.0,113.0,73.0,35.0,9.0,9.0,8.0,3.0,0.0,4.0,5.0,6.0,44.0,58.0,84.0,73.0,97.0,132.0,125.0,105.0,132.0,183.0,391.0,256.0,212.0,149.0,104.0,53.0,29.0
298,31616,2,2,8.0,2.0,0.0,1.0,0.0,9.0,40.0,103.0,232.0,88.0,53.0,51.0,59.0,61.0,57.0,55.0,84.0,116.0,163.0,130.0,80.0,49.0,43.0,24.0,14.0,5.0,5.0,3.0,0.0,4.0,9.0,43.0,71.0,57.0,49.0,51.0,64.0,67.0,66.0,82.0,106.0,247.0,229.0,159.0,93.0,70.0,40.0,43.0
299,31617,2,0,1.0,0.0,0.0,20.0,3.0,27.0,11.0,33.0,87.0,56.0,28.0,32.0,29.0,18.0,16.0,20.0,11.0,18.0,25.0,31.0,18.0,10.0,14.0,1.0,4.0,1.0,2.0,1.0,3.0,1.0,4.0,4.0,19.0,18.0,17.0,23.0,24.0,38.0,20.0,38.0,36.0,57.0,76.0,79.0,35.0,24.0,25.0,11.0
300,31618,2,2,2.0,2.0,0.0,9.0,6.0,26.0,48.0,79.0,97.0,60.0,51.0,52.0,40.0,45.0,53.0,61.0,73.0,80.0,118.0,96.0,46.0,39.0,15.0,17.0,10.0,12.0,5.0,0.0,0.0,0.0,9.0,15.0,69.0,34.0,32.0,36.0,50.0,46.0,56.0,56.0,64.0,120.0,121.0,94.0,63.0,51.0,35.0,16.0
301,31619,2,2,0.0,1.0,0.0,1.0,5.0,13.0,72.0,280.0,223.0,84.0,85.0,64.0,61.0,62.0,56.0,54.0,71.0,98.0,82.0,83.0,48.0,31.0,13.0,9.0,9.0,7.0,0.0,2.0,0.0,0.0,2.0,14.0,21.0,22.0,23.0,58.0,51.0,56.0,44.0,52.0,114.0,201.0,224.0,130.0,81.0,68.0,44.0,32.0
302,31620,4,2,7.0,0.0,2.0,0.0,1.0,2.0,10.0,29.0,79.0,46.0,33.0,51.0,60.0,49.0,47.0,80.0,115.0,212.0,118.0,114.0,52.0,44.0,24.0,25.0,5.0,4.0,3.0,0.0,0.0,21.0,37.0,91.0,174.0,88.0,64.0,58.0,68.0,95.0,62.0,64.0,75.0,120.0,122.0,64.0,25.0,24.0,15.0,18.0
303,31621,0,2,6.0,6.0,2.0,0.0,0.0,2.0,12.0,18.0,52.0,42.0,30.0,34.0,51.0,49.0,34.0,59.0,97.0,138.0,37.0,16.0,16.0,10.0,7.0,0.0,13.0,1.0,0.0,1.0,1.0,20.0,74.0,99.0,127.0,49.0,17.0,19.0,32.0,36.0,36.0,24.0,41.0,45.0,17.0,9.0,16.0,9.0,11.0,7.0
304,31622,3,0,0.0,2.0,0.0,1.0,0.0,38.0,66.0,227.0,280.0,74.0,44.0,36.0,47.0,37.0,38.0,38.0,43.0,57.0,60.0,42.0,15.0,16.0,8.0,2.0,6.0,4.0,2.0,0.0,0.0,0.0,4.0,8.0,13.0,16.0,16.0,32.0,23.0,36.0,49.0,35.0,98.0,216.0,190.0,100.0,76.0,49.0,37.0,20.0
305,31623,4,2,18.0,14.0,7.0,2.0,4.0,67.0,342.0,727.0,862.0,264.0,119.0,125.0,149.0,181.0,160.0,189.0,326.0,830.0,690.0,358.0,203.0,114.0,102.0,49.0,7.0,8.0,5.0,7.0,10.0,53.0,273.0,680.0,983.0,369.0,150.0,158.0,155.0,191.0,172.0,466.0,825.0,710.0,390.0,180.0,115.0,67.0,75.0,32.0
306,31624,4,2,19.0,11.0,2.0,3.0,1.0,29.0,91.0,179.0,269.0,152.0,78.0,105.0,113.0,69.0,80.0,152.0,210.0,454.0,227.0,102.0,51.0,36.0,41.0,23.0,5.0,3.0,2.0,0.0,3.0,14.0,63.0,237.0,380.0,210.0,102.0,87.0,87.0,104.0,106.0,197.0,224.0,334.0,139.0,67.0,45.0,26.0,35.0,11.0
307,31625,4,2,0.0,0.0,0.0,0.0,1.0,6.0,40.0,108.0,145.0,54.0,40.0,50.0,65.0,57.0,31.0,33.0,90.0,83.0,117.0,113.0,61.0,27.0,14.0,3.0,5.0,0.0,3.0,1.0,0.0,37.0,56.0,50.0,107.0,55.0,31.0,34.0,46.0,51.0,41.0,50.0,55.0,128.0,156.0,70.0,54.0,21.0,27.0,13.0
308,31626,2,0,2.0,1.0,0.0,0.0,0.0,42.0,46.0,109.0,145.0,34.0,36.0,40.0,36.0,25.0,34.0,28.0,34.0,45.0,46.0,28.0,20.0,10.0,12.0,0.0,8.0,2.0,3.0,0.0,0.0,0.0,8.0,33.0,12.0,7.0,20.0,25.0,19.0,31.0,23.0,43.0,68.0,133.0,96.0,58.0,24.0,30.0,33.0,11.0
309,31627,4,2,12.0,5.0,2.0,0.0,0.0,9.0,44.0,81.0,139.0,80.0,51.0,85.0,98.0,69.0,78.0,74.0,134.0,178.0,194.0,93.0,97.0,34.0,26.0,16.0,17.0,17.0,13.0,3.0,7.0,20.0,38.0,149.0,303.0,143.0,62.0,75.0,70.0,77.0,81.0,89.0,114.0,198.0,200.0,146.0,109.0,71.0,67.0,32.0
310,31628,4,2,6.0,4.0,1.0,1.0,0.0,33.0,71.0,221.0,229.0,85.0,69.0,61.0,71.0,79.0,67.0,127.0,177.0,253.0,182.0,96.0,77.0,57.0,73.0,18.0,18.0,11.0,1.0,1.0,11.0,2.0,44.0,117.0,177.0,146.0,53.0,69.0,107.0,95.0,88.0,97.0,213.0,270.0,268.0,151.0,84.0,54.0,57.0,31.0
311,31629,2,2,3.0,1.0,2.0,5.0,1.0,8.0,45.0,93.0,98.0,33.0,44.0,31.0,36.0,28.0,14.0,17.0,18.0,48.0,68.0,57.0,39.0,15.0,8.0,7.0,7.0,2.0,5.0,0.0,1.0,1.0,6.0,13.0,16.0,19.0,24.0,28.0,17.0,18.0,25.0,20.0,41.0,86.0,108.0,73.0,37.0,47.0,19.0,13.0
312,31630,2,2,1.0,0.0,0.0,0.0,1.0,6.0,36.0,78.0,159.0,37.0,21.0,20.0,23.0,25.0,12.0,32.0,33.0,59.0,83.0,42.0,24.0,16.0,7.0,1.0,6.0,0.0,0.0,0.0,0.0,0.0,3.0,38.0,8.0,22.0,12.0,21.0,29.0,27.0,27.0,33.0,53.0,105.0,128.0,56.0,41.0,28.0,22.0,6.0
313,31631,2,0,2.0,0.0,1.0,0.0,0.0,34.0,79.0,111.0,120.0,38.0,37.0,39.0,50.0,33.0,18.0,33.0,31.0,33.0,65.0,49.0,39.0,21.0,8.0,4.0,4.0,3.0,2.0,1.0,1.0,0.0,3.0,26.0,19.0,12.0,10.0,24.0,25.0,41.0,28.0,32.0,62.0,163.0,109.0,68.0,58.0,47.0,27.0,24.0
314,31632,3,2,0.0,2.0,0.0,0.0,2.0,11.0,55.0,91.0,172.0,45.0,26.0,25.0,27.0,23.0,26.0,14.0,34.0,35.0,28.0,17.0,7.0,10.0,2.0,2.0,3.0,4.0,3.0,1.0,0.0,1.0,0.0,17.0,1.0,8.0,6.0,36.0,32.0,25.0,33.0,28.0,70.0,109.0,112.0,67.0,38.0,20.0,28.0,15.0
315,31633,0,2,1.0,0.0,0.0,0.0,0.0,0.0,8.0,22.0,31.0,49.0,24.0,37.0,32.0,35.0,61.0,76.0,128.0,180.0,58.0,21.0,19.0,10.0,1.0,3.0,0.0,0.0,0.0,0.0,0.0,1.0,42.0,68.0,122.0,58.0,21.0,26.0,44.0,32.0,26.0,52.0,84.0,54.0,11.0,8.0,9.0,5.0,2.0,4.0
316,31634,4,2,6.0,3.0,1.0,0.0,0.0,1.0,12.0,28.0,38.0,32.0,35.0,53.0,69.0,85.0,70.0,121.0,186.0,142.0,142.0,92.0,72.0,62.0,82.0,32.0,8.0,1.0,0.0,0.0,3.0,16.0,126.0,141.0,136.0,64.0,52.0,59.0,99.0,89.0,79.0,75.0,76.0,131.0,223.0,116.0,80.0,29.0,34.0,8.0
317,31635,0,2,0.0,0.0,0.0,1.0,0.0,0.0,9.0,7.0,17.0,14.0,14.0,21.0,11.0,20.0,12.0,45.0,75.0,66.0,24.0,15.0,16.0,5.0,9.0,1.0,0.0,0.0,0.0,1.0,0.0,6.0,25.0,65.0,62.0,18.0,3.0,3.0,14.0,12.0,14.0,25.0,15.0,25.0,37.0,16.0,16.0,6.0,7.0,0.0
318,31636,2,0,9.0,2.0,1.0,3.0,0.0,23.0,40.0,120.0,175.0,38.0,27.0,42.0,27.0,29.0,42.0,30.0,46.0,41.0,52.0,55.0,36.0,18.0,7.0,12.0,13.0,10.0,5.0,7.0,4.0,2.0,13.0,12.0,21.0,9.0,19.0,20.0,10.0,31.0,34.0,52.0,46.0,104.0,99.0,98.0,64.0,56.0,29.0,33.0
319,31637,0,2,4.0,1.0,0.0,0.0,0.0,4.0,8.0,61.0,79.0,26.0,24.0,36.0,56.0,47.0,22.0,45.0,120.0,192.0,71.0,28.0,13.0,11.0,19.0,11.0,3.0,1.0,2.0,9.0,2.0,7.0,66.0,67.0,181.0,127.0,28.0,19.0,42.0,48.0,28.0,46.0,55.0,76.0,39.0,14.0,18.0,9.0,3.0,5.0
320,31638,4,2,2.0,1.0,0.0,0.0,0.0,3.0,19.0,78.0,62.0,51.0,58.0,53.0,52.0,70.0,50.0,74.0,88.0,147.0,122.0,79.0,59.0,36.0,26.0,14.0,8.0,2.0,0.0,0.0,1.0,0.0,19.0,59.0,127.0,76.0,59.0,40.0,57.0,51.0,56.0,66.0,69.0,122.0,95.0,77.0,90.0,40.0,34.0,22.0
321,31639,4,2,10.0,0.0,1.0,2.0,0.0,1.0,51.0,90.0,136.0,107.0,68.0,66.0,59.0,52.0,43.0,52.0,57.0,133.0,121.0,75.0,47.0,23.0,9.0,14.0,8.0,8.0,8.0,1.0,1.0,8.0,24.0,64.0,146.0,78.0,41.0,33.0,61.0,51.0,22.0,38.0,88.0,176.0,148.0,110.0,79.0,73.0,47.0,24.0
322,31640,2,2,3.0,3.0,0.0,0.0,0.0,28.0,74.0,177.0,140.0,59.0,58.0,53.0,50.0,46.0,37.0,41.0,35.0,50.0,63.0,32.0,37.0,15.0,4.0,3.0,7.0,8.0,3.0,3.0,1.0,0.0,2.0,13.0,7.0,23.0,15.0,30.0,38.0,35.0,51.0,45.0,77.0,141.0,115.0,75.0,51.0,45.0,26.0,18.0
323,31641,4,2,4.0,2.0,0.0,0.0,2.0,10.0,48.0,81.0,129.0,128.0,49.0,67.0,70.0,68.0,72.0,63.0,97.0,224.0,181.0,101.0,43.0,53.0,31.0,8.0,3.0,5.0,0.0,2.0,0.0,5.0,9.0,61.0,150.0,125.0,69.0,55.0,61.0,69.0,60.0,77.0,145.0,229.0,132.0,77.0,55.0,38.0,39.0,18.0
324,31642,2,2,2.0,0.0,1.0,1.0,1.0,3.0,14.0,41.0,89.0,64.0,22.0,17.0,13.0,22.0,16.0,12.0,16.0,26.0,25.0,20.0,13.0,8.0,4.0,3.0,3.0,3.0,1.0,0.0,1.0,1.0,2.0,7.0,18.0,17.0,8.0,17.0,10.0,25.0,14.0,33.0,36.0,51.0,47.0,25.0,28.0,11.0,16.0,7.0
325,31643,4,2,3.0,2.0,0.0,1.0,1.0,6.0,38.0,85.0,106.0,42.0,45.0,46.0,74.0,84.0,56.0,75.0,143.0,208.0,141.0,71.0,46.0,22.0,26.0,11.0,4.0,4.0,1.0,2.0,2.0,9.0,52.0,85.0,240.0,65.0,44.0,33.0,41.0,51.0,56.0,64.0,85.0,132.0,105.0,51.0,54.0,34.0,36.0,18.0
326,31644,2,2,4.0,1.0,0.0,0.0,0.0,2.0,18.0,49.0,80.0,38.0,20.0,18.0,27.0,28.0,22.0,17.0,20.0,37.0,44.0,35.0,18.0,14.0,1.0,1.0,6.0,5.0,2.0,2.0,0.0,0.0,9.0,32.0,30.0,19.0,18.0,16.0,15.0,26.0,14.0,22.0,15.0,47.0,41.0,52.0,32.0,31.0,27.0,6.0
327,31645,3,2,1.0,1.0,0.0,0.0,0.0,0.0,16.0,56.0,155.0,79.0,36.0,38.0,24.0,28.0,14.0,14.0,13.0,29.0,54.0,28.0,20.0,9.0,3.0,5.0,10.0,3.0,2.0,1.0,0.0,0.0,1.0,3.0,10.0,12.0,14.0,17.0,23.0,20.0,31.0,23.0,36.0,99.0,150.0,91.0,60.0,33.0,25.0,18.0
328,31646,4,2,10.0,5.0,2.0,0.0,0.0,2.0,4.0,38.0,52.0,38.0,52.0,53.0,67.0,53.0,52.0,80.0,97.0,163.0,102.0,73.0,86.0,52.0,42.0,42.0,8.0,2.0,3.0,2.0,1.0,3.0,10.0,22.0,103.0,48.0,34.0,61.0,80.0,81.0,67.0,71.0,91.0,170.0,155.0,126.0,83.0,37.0,48.0,17.0
329,31647,2,2,3.0,1.0,2.0,0.0,2.0,6.0,34.0,126.0,211.0,56.0,29.0,39.0,34.0,43.0,30.0,44.0,52.0,60.0,90.0,55.0,40.0,14.0,12.0,5.0,17.0,2.0,7.0,1.0,1.0,1.0,2.0,11.0,17.0,13.0,20.0,30.0,30.0,26.0,24.0,36.0,35.0,103.0,133.0,105.0,75.0,63.0,61.0,30.0
330,31648,2,1,2.0,1.0,0.0,0.0,0.0,0.0,0.0,7.0,12.0,11.0,6.0,10.0,5.0,8.0,10.0,10.0,13.0,25.0,11.0,19.0,10.0,46.0,60.0,8.0,3.0,0.0,2.0,0.0,1.0,2.0,1.0,4.0,9.0,8.0,6.0,8.0,8.0,17.0,8.0,33.0,37.0,61.0,127.0,54.0,20.0,11.0,19.0,6.0
331,31703,4,1,1.0,1.0,1.0,0.0,0.0,0.0,0.0,0.0,9.0,5.0,3.0,4.0,6.0,1.0,2.0,2.0,2.0,2.0,7.0,4.0,2.0,6.0,3.0,2.0,0.0,0.0,0.0,0.0,0.0,0.0,0.0,3.0,1.0,0.0,2.0,0.0,2.0,2.0,1.0,7.0,2.0,3.0,0.0,1.0,1.0,0.0,0.0,1.0
332,31706,3,0,0.0,1.0,1.0,0.0,1.0,0.0,2.0,7.0,17.0,1.0,2.0,3.0,0.0,2.0,2.0,1.0,5.0,1.0,2.0,1.0,2.0,1.0,0.0,0.0,0.0,0.0,0.0,0.0,0.0,0.0,0.0,1.0,0.0,1.0,0.0,0.0,0.0,0.0,0.0,0.0,0.0,0.0,4.0,2.0,2.0,0.0,0.0,0.0
333,31707,4,2,0.0,0.0,0.0,0.0,0.0,0.0,0.0,2.0,1.0,0.0,2.0,6.0,2.0,2.0,3.0,10.0,6.0,5.0,0.0,5.0,1.0,2.0,4.0,0.0,0.0,0.0,0.0,0.0,0.0,0.0,0.0,4.0,6.0,0.0,1.0,1.0,2.0,2.0,3.0,1.0,1.0,0.0,1.0,3.0,2.0,2.0,1.0,1.0
334,31708,4,1,0.0,0.0,1.0,0.0,0.0,1.0,4.0,8.0,9.0,17.0,8.0,9.0,13.0,9.0,15.0,9.0,19.0,8.0,15.0,10.0,2.0,3.0,0.0,1.0,2.0,0.0,1.0,0.0,0.0,0.0,5.0,15.0,7.0,11.0,8.0,4.0,13.0,12.0,12.0,9.0,15.0,13.0,23.0,12.0,2.0,3.0,2.0,2.0
335,31712,3,2,0.0,0.0,0.0,0.0,0.0,1.0,7.0,34.0,86.0,29.0,12.0,19.0,11.0,5.0,11.0,7.0,7.0,12.0,18.0,7.0,7.0,4.0,3.0,1.0,3.0,1.0,2.0,1.0,0.0,0.0,2.0,4.0,10.0,3.0,6.0,8.0,12.0,10.0,10.0,12.0,21.0,57.0,73.0,54.0,22.0,14.0,14.0,8.0
336,31801,4,2,0.0,0.0,0.0,0.0,0.0,0.0,2.0,7.0,27.0,16.0,6.0,5.0,6.0,1.0,2.0,7.0,12.0,34.0,21.0,6.0,15.0,3.0,4.0,2.0,0.0,0.0,0.0,0.0,0.0,0.0,17.0,50.0,13.0,9.0,1.0,3.0,7.0,6.0,4.0,8.0,22.0,22.0,14.0,7.0,6.0,4.0,1.0,0.0
337,31802,0,2,0.0,0.0,0.0,0.0,0.0,2.0,10.0,6.0,10.0,2.0,5.0,7.0,9.0,5.0,3.0,6.0,19.0,27.0,11.0,13.0,3.0,2.0,0.0,0.0,0.0,0.0,0.0,0.0,0.0,0.0,1.0,1.0,30.0,26.0,2.0,2.0,5.0,4.0,5.0,11.0,3.0,14.0,8.0,7.0,7.0,3.0,2.0,2.0
338,31803,2,0,0.0,0.0,0.0,0.0,0.0,1.0,8.0,27.0,2.0,1.0,2.0,1.0,5.0,2.0,4.0,6.0,4.0,3.0,1.0,0.0,2.0,0.0,0.0,0.0,0.0,0.0,0.0,0.0,0.0,0.0,1.0,2.0,5.0,3.0,0.0,5.0,5.0,2.0,3.0,2.0,10.0,17.0,10.0,0.0,8.0,0.0,0.0,1.0
339,31804,1,1,0.0,0.0,0.0,0.0,0.0,0.0,0.0,3.0,1.0,2.0,1.0,5.0,17.0,3.0,0.0,3.0,1.0,6.0,1.0,0.0,1.0,3.0,0.0,0.0,0.0,1.0,0.0,0.0,0.0,0.0,0.0,1.0,0.0,2.0,3.0,0.0,0.0,18.0,4.0,1.0,1.0,2.0,3.0,2.0,0.0,0.0,1.0,0.0
340,31805,2,0,0.0,0.0,0.0,0.0,2.0,5.0,17.0,15.0,6.0,5.0,3.0,1.0,2.0,1.0,5.0,3.0,1.0,4.0,1.0,3.0,1.0,1.0,0.0,0.0,0.0,0.0,2.0,0.0,1.0,0.0,0.0,1.0,2.0,3.0,3.0,7.0,1.0,2.0,4.0,2.0,8.0,15.0,17.0,10.0,12.0,5.0,0.0,2.0
341,31807,2,0,0.0,0.0,0.0,0.0,0.0,0.0,6.0,17.0,22.0,7.0,3.0,1.0,4.0,5.0,7.0,6.0,10.0,6.0,2.0,2.0,4.0,0.0,2.0,1.0,1.0,1.0,0.0,0.0,0.0,0.0,1.0,3.0,6.0,5.0,6.0,2.0,2.0,2.0,1.0,3.0,7.0,9.0,20.0,13.0,13.0,1.0,3.0,1.0
342,31812,2,1,0.0,0.0,0.0,0.0,0.0,0.0,1.0,8.0,0.0,11.0,5.0,4.0,5.0,0.0,2.0,5.0,2.0,0.0,1.0,4.0,1.0,2.0,0.0,0.0,0.0,0.0,0.0,0.0,0.0,0.0,0.0,5.0,3.0,2.0,1.0,1.0,3.0,0.0,2.0,1.0,1.0,6.0,9.0,4.0,0.0,2.0,0.0,0.0
343,31820,4,1,0.0,0.0,0.0,0.0,0.0,0.0,5.0,1.0,2.0,9.0,15.0,6.0,6.0,5.0,7.0,9.0,3.0,6.0,8.0,5.0,0.0,0.0,0.0,0.0,0.0,0.0,0.0,0.0,0.0,0.0,1.0,4.0,4.0,15.0,3.0,4.0,4.0,8.0,3.0,10.0,2.0,7.0,19.0,5.0,0.0,1.0,0.0,0.0
344,31900,2,0,0.0,0.0,0.0,0.0,0.0,0.0,1.0,17.0,6.0,8.0,5.0,4.0,5.0,4.0,2.0,8.0,1.0,6.0,5.0,3.0,3.0,1.0,0.0,0.0,0.0,0.0,0.0,0.0,0.0,0.0,0.0,0.0,1.0,0.0,1.0,1.0,3.0,3.0,1.0,2.0,8.0,14.0,6.0,5.0,7.0,6.0,2.0,1.0
345,31901,4,1,0.0,0.0,0.0,0.0,0.0,0.0,1.0,2.0,1.0,3.0,4.0,1.0,2.0,2.0,3.0,4.0,1.0,3.0,2.0,6.0,7.0,1.0,0.0,0.0,0.0,0.0,0.0,0.0,0.0,0.0,0.0,2.0,4.0,4.0,3.0,2.0,3.0,3.0,0.0,0.0,0.0,10.0,4.0,5.0,3.0,0.0,0.0,1.0
346,31902,2,0,0.0,0.0,0.0,0.0,0.0,0.0,2.0,29.0,21.0,17.0,4.0,10.0,3.0,9.0,6.0,2.0,2.0,4.0,2.0,1.0,4.0,1.0,0.0,1.0,2.0,0.0,0.0,0.0,0.0,0.0,0.0,9.0,5.0,0.0,7.0,3.0,3.0,2.0,4.0,12.0,3.0,13.0,19.0,5.0,13.0,14.0,1.0,1.0
347,31903,4,1,0.0,0.0,0.0,0.0,0.0,1.0,1.0,10.0,12.0,7.0,6.0,8.0,4.0,3.0,6.0,5.0,18.0,14.0,5.0,10.0,3.0,2.0,0.0,0.0,2.0,0.0,0.0,0.0,0.0,0.0,6.0,2.0,8.0,8.0,5.0,3.0,13.0,4.0,7.0,10.0,5.0,17.0,17.0,17.0,8.0,4.0,0.0,1.0
348,31904,4,1,0.0,0.0,0.0,0.0,0.0,0.0,1.0,16.0,3.0,7.0,3.0,3.0,0.0,4.0,8.0,9.0,14.0,30.0,17.0,5.0,2.0,0.0,4.0,1.0,0.0,0.0,0.0,0.0,0.0,5.0,4.0,10.0,4.0,3.0,2.0,3.0,3.0,5.0,6.0,5.0,3.0,12.0,38.0,11.0,4.0,3.0,0.0,0.0
349,31905,3,0,0.0,0.0,0.0,0.0,1.0,8.0,4.0,44.0,36.0,5.0,2.0,5.0,6.0,4.0,6.0,15.0,7.0,8.0,11.0,4.0,11.0,3.0,2.0,1.0,1.0,0.0,0.0,1.0,0.0,0.0,0.0,0.0,0.0,4.0,3.0,1.0,0.0,5.0,19.0,6.0,8.0,44.0,30.0,12.0,20.0,9.0,12.0,3.0
350,31906,3,0,0.0,0.0,0.0,0.0,0.0,0.0,13.0,4.0,22.0,14.0,5.0,3.0,6.0,6.0,1.0,1.0,1.0,4.0,3.0,3.0,5.0,0.0,2.0,0.0,0.0,0.0,0.0,0.0,0.0,0.0,0.0,0.0,0.0,1.0,1.0,2.0,7.0,1.0,5.0,5.0,15.0,26.0,17.0,8.0,0.0,4.0,2.0,0.0
351,31907,2,1,0.0,0.0,0.0,0.0,0.0,0.0,1.0,3.0,8.0,32.0,18.0,10.0,8.0,7.0,7.0,5.0,7.0,11.0,11.0,5.0,0.0,2.0,1.0,0.0,4.0,1.0,1.0,0.0,0.0,0.0,0.0,21.0,6.0,0.0,3.0,5.0,4.0,7.0,11.0,16.0,11.0,9.0,31.0,30.0,7.0,2.0,0.0,1.0
352,31909,2,1,0.0,0.0,0.0,0.0,0.0,0.0,2.0,8.0,4.0,4.0,4.0,10.0,8.0,3.0,4.0,6.0,4.0,15.0,7.0,8.0,2.0,0.0,2.0,0.0,2.0,0.0,0.0,0.0,0.0,0.0,0.0,1.0,0.0,4.0,7.0,4.0,6.0,6.0,3.0,5.0,3.0,14.0,20.0,15.0,12.0,2.0,2.0,1.0
353,31910,2,1,0.0,1.0,0.0,1.0,1.0,3.0,10.0,3.0,8.0,25.0,12.0,4.0,9.0,6.0,4.0,4.0,5.0,16.0,13.0,7.0,1.0,2.0,0.0,0.0,1.0,1.0,0.0,1.0,1.0,1.0,2.0,0.0,4.0,5.0,9.0,3.0,7.0,4.0,6.0,1.0,16.0,24.0,14.0,20.0,9.0,9.0,3.0,6.0
354,31912,2,1,0.0,0.0,0.0,0.0,0.0,0.0,0.0,3.0,6.0,2.0,5.0,2.0,7.0,3.0,11.0,9.0,2.0,2.0,5.0,0.0,7.0,0.0,0.0,4.0,0.0,0.0,0.0,0.0,0.0,0.0,0.0,1.0,0.0,0.0,6.0,4.0,6.0,2.0,3.0,1.0,6.0,8.0,9.0,6.0,5.0,1.0,0.0,1.0
355,31913,3,0,0.0,0.0,0.0,0.0,0.0,3.0,4.0,14.0,9.0,6.0,5.0,5.0,0.0,6.0,1.0,6.0,0.0,2.0,1.0,6.0,3.0,1.0,1.0,0.0,0.0,0.0,0.0,0.0,0.0,0.0,0.0,0.0,0.0,0.0,3.0,1.0,1.0,3.0,1.0,6.0,9.0,18.0,19.0,8.0,3.0,2.0,3.0,0.0
356,31914,3,0,0.0,0.0,0.0,0.0,0.0,1.0,11.0,27.0,62.0,14.0,3.0,4.0,7.0,5.0,0.0,1.0,4.0,7.0,11.0,6.0,2.0,0.0,0.0,0.0,4.0,0.0,0.0,0.0,0.0,0.0,0.0,1.0,3.0,4.0,1.0,11.0,3.0,2.0,6.0,6.0,11.0,48.0,36.0,9.0,7.0,7.0,3.0,0.0
357,31915,3,0,0.0,0.0,0.0,0.0,0.0,0.0,5.0,16.0,21.0,3.0,6.0,2.0,2.0,2.0,5.0,3.0,6.0,6.0,5.0,2.0,0.0,0.0,0.0,0.0,0.0,0.0,2.0,0.0,0.0,0.0,0.0,1.0,2.0,0.0,1.0,3.0,3.0,3.0,6.0,6.0,5.0,12.0,27.0,8.0,10.0,4.0,2.0,3.0
358,31916,3,0,1.0,0.0,0.0,0.0,0.0,10.0,10.0,20.0,111.0,13.0,9.0,14.0,15.0,11.0,6.0,12.0,21.0,11.0,42.0,31.0,24.0,5.0,4.0,2.0,1.0,2.0,0.0,0.0,6.0,6.0,2.0,6.0,9.0,7.0,5.0,10.0,15.0,23.0,17.0,23.0,25.0,85.0,72.0,44.0,26.0,16.0,2.0,4.0
359,31917,4,1,3.0,0.0,0.0,0.0,1.0,5.0,43.0,46.0,70.0,30.0,31.0,13.0,26.0,16.0,18.0,27.0,26.0,69.0,48.0,33.0,17.0,8.0,3.0,1.0,12.0,13.0,1.0,1.0,2.0,1.0,2.0,26.0,50.0,45.0,10.0,15.0,18.0,20.0,16.0,31.0,38.0,72.0,51.0,39.0,33.0,28.0,17.0,8.0
360,31918,4,2,0.0,0.0,0.0,0.0,0.0,0.0,5.0,19.0,17.0,13.0,14.0,15.0,24.0,12.0,14.0,9.0,23.0,36.0,39.0,19.0,16.0,5.0,2.0,0.0,1.0,0.0,0.0,0.0,0.0,6.0,11.0,12.0,25.0,28.0,12.0,11.0,20.0,23.0,16.0,9.0,27.0,47.0,22.0,20.0,10.0,4.0,0.0,0.0
361,31919,2,0,0.0,0.0,0.0,0.0,1.0,2.0,5.0,18.0,25.0,7.0,10.0,12.0,4.0,4.0,9.0,8.0,11.0,17.0,25.0,14.0,7.0,2.0,2.0,0.0,1.0,2.0,0.0,0.0,1.0,1.0,0.0,4.0,3.0,3.0,3.0,1.0,4.0,5.0,8.0,2.0,11.0,18.0,15.0,11.0,12.0,10.0,6.0,11.0
362,31920,2,0,0.0,0.0,0.0,0.0,0.0,1.0,10.0,22.0,24.0,7.0,4.0,3.0,6.0,9.0,4.0,9.0,10.0,6.0,2.0,9.0,7.0,4.0,0.0,0.0,0.0,0.0,0.0,1.0,0.0,8.0,3.0,7.0,4.0,5.0,2.0,0.0,4.0,4.0,7.0,1.0,4.0,9.0,6.0,12.0,2.0,6.0,1.0,0.0
363,31921,2,1,0.0,0.0,1.0,0.0,0.0,0.0,0.0,4.0,4.0,1.0,2.0,0.0,1.0,4.0,6.0,2.0,5.0,2.0,2.0,4.0,2.0,1.0,1.0,0.0,0.0,2.0,1.0,0.0,0.0,0.0,0.0,0.0,1.0,1.0,2.0,1.0,3.0,1.0,5.0,2.0,5.0,5.0,4.0,7.0,5.0,2.0,3.0,2.0
364,31924,4,1,5.0,0.0,1.0,2.0,0.0,0.0,6.0,12.0,27.0,14.0,7.0,11.0,7.0,14.0,3.0,15.0,18.0,40.0,34.0,17.0,21.0,15.0,4.0,6.0,0.0,1.0,0.0,0.0,0.0,0.0,2.0,1.0,8.0,10.0,6.0,11.0,10.0,10.0,12.0,13.0,12.0,35.0,16.0,17.0,15.0,5.0,5.0,5.0
365,31925,0,2,0.0,0.0,0.0,0.0,0.0,0.0,0.0,3.0,2.0,1.0,7.0,4.0,7.0,1.0,1.0,2.0,14.0,33.0,12.0,6.0,7.0,0.0,0.0,0.0,0.0,0.0,0.0,0.0,0.0,0.0,1.0,17.0,24.0,11.0,2.0,3.0,4.0,4.0,1.0,1.0,4.0,4.0,5.0,2.0,1.0,7.0,2.0,0.0
366,32000,4,1,0.0,0.0,0.0,0.0,0.0,0.0,0.0,8.0,2.0,3.0,9.0,20.0,11.0,7.0,7.0,6.0,19.0,15.0,21.0,7.0,6.0,1.0,2.0,1.0,0.0,0.0,0.0,0.0,0.0,0.0,0.0,0.0,4.0,20.0,13.0,5.0,10.0,8.0,5.0,11.0,7.0,5.0,5.0,3.0,1.0,6.0,3.0,0.0
367,32001,2,0,0.0,0.0,0.0,0.0,0.0,0.0,8.0,9.0,19.0,7.0,3.0,7.0,10.0,4.0,7.0,6.0,6.0,4.0,4.0,1.0,2.0,5.0,4.0,0.0,0.0,0.0,0.0,0.0,0.0,0.0,0.0,8.0,6.0,2.0,2.0,6.0,5.0,5.0,2.0,5.0,3.0,12.0,8.0,6.0,3.0,0.0,1.0,0.0
368,32002,4,1,0.0,0.0,0.0,0.0,0.0,0.0,0.0,12.0,17.0,7.0,17.0,22.0,9.0,8.0,19.0,3.0,18.0,14.0,22.0,12.0,12.0,4.0,6.0,1.0,0.0,2.0,0.0,0.0,0.0,0.0,0.0,1.0,5.0,4.0,10.0,10.0,18.0,10.0,8.0,11.0,17.0,15.0,14.0,16.0,18.0,6.0,1.0,0.0
369,32003,4,1,0.0,0.0,0.0,0.0,0.0,0.0,3.0,1.0,9.0,8.0,2.0,2.0,4.0,5.0,2.0,3.0,7.0,10.0,10.0,8.0,7.0,6.0,2.0,0.0,0.0,0.0,0.0,0.0,0.0,0.0,1.0,2.0,6.0,12.0,1.0,3.0,1.0,0.0,5.0,2.0,3.0,14.0,4.0,1.0,9.0,5.0,1.0,0.0
370,32006,3,0,0.0,0.0,0.0,0.0,0.0,0.0,0.0,7.0,11.0,2.0,3.0,4.0,3.0,0.0,0.0,0.0,8.0,3.0,7.0,3.0,1.0,6.0,4.0,1.0,0.0,0.0,0.0,0.0,0.0,0.0,0.0,1.0,0.0,0.0,1.0,2.0,2.0,0.0,0.0,0.0,4.0,8.0,11.0,4.0,3.0,1.0,2.0,1.0
371,32008,2,1,1.0,0.0,1.0,0.0,0.0,0.0,8.0,21.0,5.0,5.0,2.0,4.0,6.0,3.0,3.0,4.0,4.0,16.0,8.0,6.0,9.0,0.0,2.0,1.0,0.0,0.0,0.0,0.0,0.0,0.0,5.0,0.0,5.0,9.0,0.0,3.0,2.0,6.0,2.0,2.0,12.0,9.0,24.0,6.0,4.0,6.0,1.0,4.0
372,32012,0,2,0.0,0.0,3.0,1.0,0.0,0.0,1.0,2.0,11.0,3.0,5.0,1.0,5.0,2.0,4.0,6.0,9.0,20.0,17.0,4.0,6.0,2.0,3.0,3.0,0.0,0.0,0.0,1.0,0.0,0.0,0.0,1.0,29.0,4.0,3.0,6.0,5.0,1.0,2.0,2.0,3.0,3.0,3.0,1.0,4.0,3.0,0.0,0.0
373,32013,4,1,0.0,0.0,0.0,0.0,0.0,0.0,1.0,6.0,2.0,1.0,6.0,11.0,7.0,4.0,12.0,13.0,16.0,13.0,14.0,9.0,5.0,6.0,2.0,1.0,0.0,1.0,0.0,0.0,0.0,0.0,1.0,13.0,14.0,5.0,16.0,4.0,7.0,3.0,5.0,4.0,11.0,9.0,9.0,11.0,5.0,3.0,0.0,0.0
374,32014,4,1,0.0,2.0,0.0,0.0,0.0,0.0,6.0,0.0,5.0,5.0,5.0,13.0,6.0,9.0,9.0,13.0,17.0,25.0,28.0,19.0,10.0,6.0,3.0,2.0,0.0,2.0,0.0,0.0,0.0,6.0,4.0,1.0,16.0,21.0,7.0,12.0,9.0,6.0,11.0,7.0,17.0,13.0,16.0,9.0,9.0,0.0,1.0,2.0
375,32018,3,0,0.0,0.0,0.0,0.0,0.0,0.0,1.0,19.0,20.0,0.0,4.0,1.0,2.0,3.0,2.0,0.0,3.0,3.0,0.0,5.0,0.0,0.0,0.0,0.0,0.0,0.0,0.0,0.0,0.0,0.0,0.0,0.0,0.0,0.0,0.0,0.0,1.0,2.0,1.0,5.0,11.0,21.0,7.0,2.0,4.0,5.0,1.0,0.0
376,32019,4,1,0.0,0.0,0.0,0.0,0.0,0.0,0.0,1.0,5.0,7.0,4.0,2.0,1.0,2.0,1.0,2.0,10.0,17.0,14.0,2.0,3.0,1.0,0.0,2.0,0.0,0.0,0.0,0.0,0.0,0.0,0.0,5.0,4.0,0.0,4.0,0.0,2.0,0.0,6.0,3.0,5.0,2.0,2.0,12.0,4.0,2.0,1.0,0.0
377,32021,4,2,0.0,0.0,0.0,0.0,0.0,0.0,1.0,3.0,4.0,11.0,4.0,3.0,2.0,0.0,4.0,3.0,6.0,13.0,10.0,6.0,6.0,1.0,0.0,0.0,0.0,0.0,0.0,0.0,0.0,0.0,0.0,3.0,12.0,8.0,4.0,3.0,0.0,2.0,2.0,1.0,1.0,6.0,9.0,6.0,1.0,1.0,0.0,0.0
378,32024,3,0,1.0,0.0,0.0,0.0,0.0,0.0,3.0,27.0,11.0,1.0,2.0,0.0,3.0,1.0,3.0,7.0,2.0,3.0,5.0,11.0,5.0,4.0,2.0,5.0,0.0,0.0,0.0,0.0,0.0,0.0,2.0,1.0,0.0,2.0,2.0,2.0,1.0,1.0,1.0,1.0,5.0,19.0,12.0,2.0,0.0,4.0,1.0,0.0
379,32025,2,1,0.0,0.0,0.0,0.0,0.0,2.0,0.0,11.0,25.0,9.0,4.0,2.0,7.0,5.0,4.0,7.0,5.0,7.0,15.0,10.0,7.0,7.0,2.0,4.0,1.0,0.0,0.0,0.0,0.0,1.0,1.0,1.0,2.0,4.0,4.0,9.0,5.0,9.0,3.0,4.0,1.0,9.0,14.0,8.0,5.0,7.0,2.0,0.0
380,32026,3,0,1.0,1.0,0.0,0.0,0.0,11.0,27.0,23.0,47.0,10.0,5.0,6.0,5.0,11.0,7.0,5.0,1.0,5.0,8.0,7.0,5.0,2.0,1.0,1.0,0.0,1.0,0.0,0.0,0.0,0.0,0.0,7.0,1.0,4.0,2.0,2.0,6.0,4.0,3.0,10.0,18.0,29.0,39.0,25.0,8.0,8.0,2.0,4.0
381,32027,2,0,0.0,0.0,0.0,0.0,0.0,5.0,31.0,37.0,10.0,11.0,5.0,20.0,8.0,3.0,7.0,9.0,1.0,11.0,12.0,4.0,2.0,1.0,1.0,0.0,0.0,0.0,0.0,1.0,5.0,8.0,0.0,0.0,2.0,4.0,1.0,2.0,6.0,4.0,8.0,7.0,12.0,28.0,21.0,23.0,18.0,9.0,9.0,8.0
382,32028,2,1,1.0,0.0,0.0,0.0,0.0,0.0,0.0,2.0,5.0,7.0,3.0,3.0,5.0,1.0,2.0,5.0,3.0,5.0,2.0,3.0,0.0,0.0,0.0,0.0,1.0,0.0,0.0,0.0,0.0,0.0,0.0,2.0,1.0,0.0,1.0,2.0,2.0,4.0,0.0,4.0,3.0,6.0,7.0,3.0,1.0,0.0,0.0,0.0
383,32029,2,0,0.0,0.0,0.0,0.0,0.0,0.0,1.0,4.0,7.0,3.0,6.0,12.0,2.0,3.0,0.0,0.0,2.0,2.0,4.0,6.0,1.0,0.0,0.0,0.0,0.0,0.0,0.0,0.0,0.0,0.0,0.0,0.0,0.0,0.0,1.0,0.0,0.0,1.0,1.0,1.0,4.0,8.0,1.0,9.0,2.0,1.0,1.0,0.0
384,32033,0,3,0.0,0.0,0.0,0.0,0.0,0.0,0.0,1.0,0.0,0.0,3.0,2.0,2.0,0.0,1.0,4.0,9.0,19.0,3.0,1.0,0.0,0.0,0.0,0.0,0.0,0.0,0.0,0.0,0.0,0.0,0.0,0.0,26.0,14.0,2.0,1.0,0.0,0.0,0.0,0.0,0.0,0.0,1.0,0.0,0.0,0.0,0.0,0.0
385,32034,0,3,1.0,0.0,0.0,0.0,1.0,0.0,0.0,1.0,4.0,1.0,1.0,2.0,6.0,1.0,2.0,3.0,4.0,24.0,33.0,9.0,8.0,6.0,0.0,0.0,0.0,0.0,0.0,0.0,0.0,0.0,2.0,21.0,35.0,2.0,3.0,0.0,3.0,2.0,1.0,0.0,1.0,0.0,6.0,2.0,1.0,2.0,0.0,0.0
386,32035,2,1,0.0,0.0,0.0,0.0,0.0,0.0,0.0,4.0,7.0,4.0,2.0,5.0,12.0,1.0,1.0,3.0,3.0,1.0,2.0,1.0,0.0,0.0,1.0,0.0,0.0,0.0,0.0,0.0,0.0,0.0,0.0,0.0,4.0,0.0,0.0,0.0,2.0,5.0,1.0,1.0,1.0,2.0,3.0,1.0,1.0,0.0,3.0,0.0
387,32036,4,1,1.0,2.0,0.0,0.0,0.0,0.0,0.0,2.0,2.0,1.0,1.0,4.0,10.0,8.0,2.0,3.0,6.0,10.0,14.0,6.0,5.0,4.0,2.0,1.0,1.0,0.0,0.0,0.0,0.0,0.0,3.0,0.0,1.0,3.0,5.0,4.0,15.0,7.0,3.0,3.0,3.0,13.0,5.0,10.0,3.0,7.0,3.0,2.0
388,32037,0,2,0.0,0.0,0.0,0.0,0.0,1.0,2.0,9.0,6.0,1.0,0.0,2.0,1.0,1.0,1.0,4.0,2.0,16.0,7.0,2.0,2.0,1.0,3.0,0.0,0.0,0.0,0.0,0.0,0.0,0.0,0.0,0.0,12.0,7.0,1.0,3.0,0.0,0.0,1.0,1.0,0.0,0.0,8.0,5.0,0.0,0.0,0.0,0.0
389,32038,0,3,0.0,0.0,0.0,0.0,0.0,0.0,1.0,1.0,1.0,0.0,0.0,0.0,0.0,0.0,0.0,2.0,5.0,27.0,13.0,12.0,3.0,4.0,0.0,0.0,0.0,0.0,0.0,0.0,0.0,0.0,0.0,4.0,23.0,17.0,0.0,6.0,0.0,0.0,0.0,3.0,0.0,2.0,0.0,1.0,0.0,0.0,1.0,1.0
390,32039,4,1,0.0,0.0,0.0,2.0,4.0,8.0,0.0,1.0,1.0,7.0,3.0,4.0,1.0,4.0,1.0,3.0,11.0,15.0,15.0,6.0,5.0,3.0,0.0,0.0,1.0,1.0,0.0,0.0,0.0,0.0,0.0,0.0,1.0,2.0,2.0,6.0,3.0,3.0,3.0,1.0,3.0,2.0,4.0,3.0,7.0,0.0,2.0,2.0
391,32040,4,1,1.0,0.0,0.0,0.0,0.0,1.0,2.0,8.0,9.0,6.0,0.0,2.0,3.0,1.0,4.0,6.0,10.0,4.0,5.0,4.0,4.0,4.0,1.0,4.0,0.0,0.0,0.0,0.0,0.0,0.0,2.0,14.0,9.0,4.0,0.0,1.0,2.0,3.0,6.0,7.0,12.0,4.0,4.0,10.0,7.0,8.0,4.0,0.0
392,32045,3,0,0.0,0.0,0.0,0.0,0.0,0.0,2.0,3.0,68.0,27.0,8.0,2.0,1.0,1.0,1.0,2.0,0.0,6.0,8.0,5.0,1.0,0.0,0.0,1.0,0.0,0.0,0.0,0.0,0.0,1.0,0.0,9.0,6.0,2.0,0.0,1.0,2.0,0.0,1.0,4.0,11.0,37.0,25.0,8.0,6.0,1.0,3.0,0.0
393,32046,4,1,0.0,0.0,0.0,0.0,0.0,0.0,3.0,26.0,17.0,12.0,12.0,9.0,20.0,15.0,11.0,13.0,15.0,20.0,14.0,15.0,2.0,2.0,0.0,0.0,0.0,0.0,0.0,0.0,0.0,0.0,5.0,16.0,13.0,9.0,6.0,11.0,19.0,10.0,14.0,13.0,17.0,31.0,27.0,17.0,6.0,2.0,1.0,3.0
394,32047,3,0,1.0,0.0,0.0,0.0,0.0,0.0,0.0,1.0,22.0,0.0,1.0,1.0,0.0,2.0,0.0,0.0,1.0,5.0,8.0,0.0,1.0,1.0,0.0,4.0,0.0,0.0,0.0,0.0,0.0,0.0,0.0,0.0,1.0,0.0,0.0,0.0,1.0,0.0,0.0,1.0,3.0,17.0,0.0,0.0,0.0,0.0,0.0,0.0
395,32048,4,2,1.0,0.0,0.0,0.0,0.0,4.0,0.0,3.0,23.0,30.0,11.0,9.0,5.0,11.0,10.0,19.0,18.0,18.0,19.0,15.0,10.0,8.0,4.0,5.0,0.0,0.0,0.0,0.0,0.0,1.0,28.0,35.0,11.0,13.0,6.0,7.0,9.0,4.0,3.0,3.0,7.0,17.0,17.0,9.0,11.0,1.0,2.0,1.0
396,32053,0,2,0.0,2.0,0.0,0.0,0.0,0.0,1.0,0.0,0.0,1.0,2.0,4.0,3.0,3.0,1.0,10.0,19.0,30.0,20.0,14.0,10.0,4.0,4.0,0.0,0.0,0.0,0.0,0.0,0.0,0.0,7.0,18.0,7.0,32.0,9.0,7.0,2.0,0.0,6.0,3.0,0.0,4.0,5.0,0.0,0.0,1.0,0.0,0.0
397,32055,4,1,2.0,0.0,0.0,0.0,0.0,0.0,1.0,12.0,5.0,7.0,19.0,14.0,9.0,10.0,10.0,9.0,7.0,22.0,20.0,11.0,7.0,3.0,2.0,1.0,0.0,0.0,0.0,0.0,0.0,3.0,1.0,6.0,14.0,3.0,3.0,9.0,15.0,15.0,7.0,10.0,13.0,14.0,17.0,21.0,13.0,5.0,2.0,0.0
398,32056,3,0,0.0,0.0,0.0,1.0,0.0,0.0,1.0,9.0,21.0,8.0,2.0,3.0,3.0,2.0,1.0,3.0,3.0,2.0,2.0,3.0,3.0,0.0,0.0,0.0,0.0,0.0,0.0,1.0,0.0,0.0,0.0,0.0,0.0,0.0,0.0,2.0,5.0,3.0,1.0,3.0,6.0,6.0,9.0,1.0,4.0,7.0,0.0,0.0
399,32058,2,1,1.0,0.0,0.0,0.0,0.0,0.0,0.0,4.0,6.0,3.0,2.0,1.0,1.0,1.0,0.0,1.0,4.0,9.0,7.0,7.0,3.0,6.0,5.0,0.0,1.0,1.0,1.0,0.0,0.0,0.0,0.0,0.0,0.0,0.0,1.0,0.0,2.0,1.0,2.0,4.0,2.0,1.0,13.0,7.0,3.0,1.0,2.0,5.0
400,32062,1,1,1.0,0.0,0.0,0.0,0.0,0.0,0.0,0.0,0.0,1.0,0.0,2.0,0.0,1.0,0.0,2.0,10.0,4.0,14.0,15.0,1.0,2.0,0.0,0.0,0.0,0.0,0.0,0.0,0.0,0.0,0.0,0.0,0.0,0.0,0.0,0.0,0.0,1.0,0.0,0.0,0.0,0.0,0.0,0.0,0.0,0.0,0.0,0.0
401,32067,0,2,0.0,0.0,0.0,0.0,0.0,0.0,0.0,3.0,6.0,2.0,0.0,0.0,1.0,1.0,1.0,8.0,16.0,49.0,34.0,24.0,14.0,12.0,4.0,2.0,0.0,0.0,0.0,0.0,10.0,7.0,22.0,56.0,34.0,18.0,4.0,2.0,1.0,3.0,0.0,0.0,5.0,1.0,0.0,0.0,0.0,0.0,0.0,0.0
402,32068,3,0,0.0,0.0,0.0,0.0,10.0,14.0,15.0,39.0,13.0,18.0,1.0,1.0,1.0,1.0,0.0,1.0,2.0,1.0,1.0,1.0,0.0,0.0,0.0,0.0,0.0,0.0,0.0,0.0,0.0,0.0,0.0,1.0,4.0,2.0,0.0,0.0,0.0,0.0,0.0,2.0,4.0,26.0,28.0,26.0,6.0,4.0,1.0,0.0
403,32074,4,2,0.0,0.0,0.0,0.0,0.0,3.0,0.0,0.0,6.0,15.0,3.0,0.0,1.0,1.0,3.0,7.0,0.0,3.0,8.0,3.0,2.0,1.0,2.0,0.0,0.0,0.0,0.0,0.0,0.0,1.0,8.0,7.0,5.0,2.0,0.0,0.0,0.0,0.0,0.0,2.0,2.0,1.0,0.0,2.0,3.0,1.0,0.0,2.0
404,32075,3,0,0.0,1.0,0.0,0.0,0.0,0.0,0.0,13.0,45.0,20.0,4.0,0.0,4.0,3.0,4.0,4.0,13.0,14.0,19.0,7.0,6.0,2.0,0.0,2.0,0.0,0.0,0.0,0.0,0.0,0.0,2.0,6.0,1.0,2.0,0.0,0.0,1.0,6.0,1.0,5.0,9.0,24.0,14.0,4.0,2.0,0.0,0.0,0.0
405,32078,4,1,0.0,0.0,0.0,0.0,0.0,0.0,2.0,7.0,1.0,5.0,3.0,1.0,9.0,4.0,0.0,7.0,3.0,11.0,11.0,5.0,3.0,1.0,0.0,1.0,0.0,1.0,0.0,0.0,0.0,0.0,0.0,0.0,1.0,5.0,4.0,0.0,4.0,7.0,2.0,2.0,16.0,17.0,9.0,5.0,2.0,1.0,0.0,0.0
406,32079,0,3,0.0,0.0,0.0,0.0,0.0,0.0,0.0,0.0,1.0,0.0,0.0,0.0,1.0,1.0,1.0,4.0,9.0,23.0,11.0,4.0,5.0,1.0,0.0,0.0,0.0,0.0,0.0,0.0,0.0,0.0,0.0,5.0,47.0,7.0,1.0,0.0,1.0,1.0,2.0,0.0,1.0,2.0,2.0,0.0,0.0,1.0,1.0,0.0
407,32081,3,0,0.0,0.0,0.0,0.0,0.0,2.0,7.0,7.0,10.0,10.0,5.0,0.0,0.0,1.0,0.0,1.0,1.0,1.0,1.0,1.0,0.0,0.0,1.0,0.0,0.0,0.0,0.0,0.0,0.0,0.0,0.0,0.0,1.0,1.0,1.0,0.0,1.0,1.0,1.0,8.0,1.0,5.0,6.0,4.0,1.0,2.0,1.0,0.0
408,32083,4,1,0.0,2.0,0.0,0.0,0.0,0.0,0.0,2.0,0.0,0.0,4.0,2.0,10.0,5.0,1.0,3.0,0.0,6.0,8.0,2.0,1.0,0.0,0.0,0.0,0.0,0.0,0.0,0.0,0.0,0.0,0.0,1.0,0.0,9.0,4.0,0.0,8.0,1.0,0.0,0.0,0.0,4.0,6.0,4.0,2.0,1.0,0.0,0.0
409,32204,3,0,1.0,2.0,0.0,0.0,0.0,0.0,7.0,25.0,22.0,17.0,8.0,0.0,0.0,0.0,2.0,1.0,1.0,1.0,6.0,5.0,4.0,0.0,0.0,3.0,0.0,0.0,0.0,0.0,0.0,0.0,0.0,2.0,0.0,0.0,0.0,0.0,1.0,0.0,0.0,3.0,8.0,19.0,15.0,2.0,1.0,0.0,0.0,0.0
410,32205,0,2,0.0,0.0,0.0,0.0,0.0,0.0,0.0,8.0,2.0,2.0,1.0,2.0,2.0,0.0,1.0,2.0,12.0,22.0,15.0,2.0,1.0,0.0,0.0,0.0,2.0,0.0,0.0,0.0,0.0,0.0,2.0,12.0,11.0,7.0,7.0,0.0,0.0,0.0,1.0,1.0,0.0,1.0,3.0,0.0,1.0,0.0,0.0,0.0
411,32213,0,3,0.0,0.0,0.0,0.0,21.0,0.0,0.0,0.0,0.0,3.0,0.0,0.0,0.0,2.0,2.0,1.0,11.0,24.0,8.0,0.0,2.0,0.0,0.0,0.0,0.0,0.0,0.0,0.0,0.0,0.0,0.0,6.0,25.0,18.0,5.0,1.0,0.0,0.0,0.0,2.0,0.0,1.0,0.0,0.0,0.0,0.0,0.0,0.0
412,32214,0,3,0.0,0.0,0.0,0.0,0.0,0.0,0.0,5.0,12.0,1.0,1.0,4.0,0.0,1.0,2.0,8.0,16.0,37.0,33.0,8.0,2.0,0.0,1.0,0.0,0.0,0.0,0.0,0.0,0.0,0.0,0.0,1.0,45.0,35.0,5.0,0.0,2.0,1.0,1.0,1.0,0.0,7.0,6.0,4.0,4.0,1.0,0.0,0.0
413,32215,3,0,0.0,1.0,0.0,0.0,0.0,0.0,13.0,34.0,91.0,47.0,8.0,4.0,4.0,1.0,0.0,3.0,0.0,15.0,6.0,2.0,2.0,1.0,2.0,2.0,0.0,0.0,0.0,0.0,21.0,0.0,0.0,1.0,1.0,1.0,0.0,0.0,5.0,0.0,4.0,7.0,25.0,78.0,49.0,17.0,2.0,1.0,1.0,0.0
414,32217,0,3,0.0,0.0,0.0,0.0,0.0,0.0,0.0,0.0,0.0,0.0,0.0,1.0,0.0,0.0,2.0,1.0,10.0,19.0,9.0,6.0,2.0,0.0,0.0,0.0,0.0,0.0,0.0,0.0,0.0,0.0,10.0,7.0,9.0,0.0,0.0,1.0,0.0,0.0,0.0,0.0,0.0,0.0,0.0,0.0,0.0,0.0,0.0,0.0
415,32220,3,0,0.0,0.0,0.0,0.0,0.0,0.0,0.0,2.0,24.0,4.0,0.0,3.0,4.0,1.0,1.0,0.0,3.0,7.0,2.0,3.0,1.0,0.0,0.0,0.0,0.0,0.0,0.0,0.0,0.0,0.0,0.0,0.0,1.0,1.0,0.0,1.0,1.0,0.0,0.0,2.0,7.0,16.0,12.0,4.0,1.0,0.0,1.0,3.0
416,32224,0,3,0.0,0.0,0.0,0.0,0.0,0.0,0.0,0.0,0.0,0.0,0.0,0.0,1.0,2.0,2.0,1.0,3.0,19.0,17.0,3.0,0.0,1.0,0.0,0.0,0.0,0.0,0.0,0.0,0.0,0.0,0.0,0.0,17.0,16.0,0.0,3.0,1.0,1.0,2.0,0.0,0.0,0.0,0.0,0.0,1.0,0.0,0.0,0.0
